Order_ID,Amount,Profit,Quantity,Category,Sub-Category,Payment_Mode,Order_Date,State,City,Year_Month,Customer_Name,Customer_ID,Product_ID,Location_ID,Date_ID,Year-Month,Year,Month,Quarter
OID-10001,9726,1275,5,Electronics,Electronic Games,UPI,2023-06-27,Florida,Miami,2023-06,David Padilla,CID-10001,PID-10001,LID-10001,DID-10001,2023-06,2023,6,2
OID-10002,9726,1275,5,Electronics,Electronic Games,UPI,2024-12-27,Illinois,Chicago,2024-12,Connor Morgan,CID-10002,PID-10002,LID-10002,DID-10002,2024-12,2024,12,4
OID-10003,9726,1275,5,Electronics,Electronic Games,UPI,2021-07-25,New York,Buffalo,2021-07,Robert Stone,CID-10003,PID-10003,LID-10003,DID-10003,2021-07,2021,7,3
OID-10004,4975,1330,14,Electronics,Printers,UPI,2023-06-27,Florida,Miami,2023-06,David Padilla,CID-10004,PID-10004,LID-10004,DID-10004,2023-06,2023,6,2
OID-10005,4975,1330,14,Electronics,Printers,UPI,2024-12-27,Illinois,Chicago,2024-12,Connor Morgan,CID-10005,PID-10005,LID-10005,DID-10005,2024-12,2024,12,4
OID-10006,4975,1330,14,Electronics,Printers,UPI,2021-07-25,New York,Buffalo,2021-07,Robert Stone,CID-10006,PID-10006,LID-10006,DID-10006,2021-07,2021,7,3
OID-10007,1525,185,12,Office Supplies,Pens,Debit Card,2024-05-11,Florida,Orlando,2024-05,John Fields,CID-10007,PID-10007,LID-10007,DID-10007,2024-05,2024,5,2
OID-10008,1525,185,12,Office Supplies,Pens,Debit Card,2021-10-09,Florida,Miami,2021-10,Clayton Smith,CID-10008,PID-10008,LID-10008,DID-10008,2021-10,2021,10,4
OID-10009,883,117,10,Electronics,Laptops,EMI,2022-11-18,California,Los Angeles,2022-11,Richard Kelley,CID-10009,PID-10009,LID-10009,DID-10009,2022-11,2022,11,4
OID-10010,8127,3551,16,Furniture,Tables,Credit Card,2022-11-18,California,Los Angeles,2022-11,Richard Kelley,CID-10010,PID-10010,LID-10010,DID-10010,2022-11,2022,11,4
OID-10011,2516,734,19,Furniture,Chairs,UPI,2023-11-12,New York,New York City,2023-11,Jacqueline Hubbard,CID-10011,PID-10011,LID-10011,DID-10011,2023-11,2023,11,4
OID-10012,2975,462,14,Office Supplies,Pens,Credit Card,2020-03-23,New York,New York City,2020-03,Jessica Anderson,CID-10012,PID-10012,LID-10012,DID-10012,2020-03,2020,3,1
OID-10013,6851,2812,1,Office Supplies,Markers,Debit Card,2020-05-04,Florida,Orlando,2020-05,Mary Taylor,CID-10013,PID-10013,LID-10013,DID-10013,2020-05,2020,5,2
OID-10014,7626,1046,15,Furniture,Sofas,Credit Card,2020-05-04,Florida,Orlando,2020-05,Mary Taylor,CID-10014,PID-10014,LID-10014,DID-10014,2020-05,2020,5,2
OID-10015,1023,78,9,Furniture,Tables,UPI,2020-05-04,Florida,Orlando,2020-05,Mary Taylor,CID-10015,PID-10015,LID-10015,DID-10015,2020-05,2020,5,2
OID-10016,7600,1098,10,Office Supplies,Pens,UPI,2023-11-09,Illinois,Springfield,2023-11,Walter Crawford,CID-10016,PID-10016,LID-10016,DID-10016,2023-11,2023,11,4
OID-10017,7501,262,18,Office Supplies,Paper,COD,2023-11-09,Illinois,Springfield,2023-11,Walter Crawford,CID-10017,PID-10017,LID-10017,DID-10017,2023-11,2023,11,4
OID-10018,725,133,6,Office Supplies,Paper,Credit Card,2024-12-30,New York,Rochester,2024-12,Lawrence Robinson,CID-10018,PID-10018,LID-10018,DID-10018,2024-12,2024,12,4
OID-10019,7201,2685,2,Furniture,Tables,Credit Card,2024-12-30,New York,Rochester,2024-12,Lawrence Robinson,CID-10019,PID-10019,LID-10019,DID-10019,2024-12,2024,12,4
OID-10020,1629,265,1,Office Supplies,Paper,UPI,2025-02-11,Texas,Dallas,2025-02,Douglas Pennington,CID-10020,PID-10020,LID-10020,DID-10020,2025-02,2025,2,1
OID-10021,1629,265,1,Office Supplies,Paper,UPI,2024-01-23,California,San Diego,2024-01,Ricardo Andrews,CID-10021,PID-10021,LID-10021,DID-10021,2024-01,2024,1,1
OID-10022,8971,2971,19,Office Supplies,Binders,Debit Card,2020-11-28,California,San Diego,2020-11,Paul Raymond,CID-10022,PID-10022,LID-10022,DID-10022,2020-11,2020,11,4
OID-10023,2939,894,20,Office Supplies,Binders,COD,2020-11-28,California,San Diego,2020-11,Paul Raymond,CID-10023,PID-10023,LID-10023,DID-10023,2020-11,2020,11,4
OID-10024,9380,414,11,Electronics,Phones,UPI,2024-05-30,New York,Rochester,2024-05,Karen Johnson,CID-10024,PID-10024,LID-10024,DID-10024,2024-05,2024,5,2
OID-10025,8558,1644,18,Office Supplies,Binders,Credit Card,2024-05-30,New York,Rochester,2024-05,Karen Johnson,CID-10025,PID-10025,LID-10025,DID-10025,2024-05,2024,5,2
OID-10026,4080,72,17,Office Supplies,Paper,COD,2024-05-30,New York,Rochester,2024-05,Karen Johnson,CID-10026,PID-10026,LID-10026,DID-10026,2024-05,2024,5,2
OID-10027,4206,1821,17,Electronics,Electronic Games,EMI,2022-01-23,Texas,Austin,2022-01,Juan Erickson,CID-10027,PID-10027,LID-10027,DID-10027,2022-01,2022,1,1
OID-10028,5219,1180,20,Office Supplies,Binders,COD,2021-12-17,New York,New York City,2021-12,Alexander Reed,CID-10028,PID-10028,LID-10028,DID-10028,2021-12,2021,12,4
OID-10029,5219,1180,20,Office Supplies,Binders,COD,2023-02-03,California,San Francisco,2023-02,Jacqueline Harris,CID-10029,PID-10029,LID-10029,DID-10029,2023-02,2023,2,1
OID-10030,3686,760,20,Office Supplies,Pens,Debit Card,2022-10-30,California,San Francisco,2022-10,Tyler Park,CID-10030,PID-10030,LID-10030,DID-10030,2022-10,2022,10,4
OID-10031,3686,760,20,Office Supplies,Pens,Debit Card,2022-01-15,Ohio,Columbus,2022-01,Richard Wolfe,CID-10031,PID-10031,LID-10031,DID-10031,2022-01,2022,1,1
OID-10032,6045,1606,4,Office Supplies,Paper,COD,2023-12-14,Florida,Orlando,2023-12,Sierra Rios,CID-10032,PID-10032,LID-10032,DID-10032,2023-12,2023,12,4
OID-10033,9337,554,11,Office Supplies,Pens,COD,2023-12-14,Florida,Orlando,2023-12,Sierra Rios,CID-10033,PID-10033,LID-10033,DID-10033,2023-12,2023,12,4
OID-10034,4051,1848,12,Electronics,Phones,Credit Card,2023-07-03,California,San Diego,2023-07,Jessica Richardson,CID-10034,PID-10034,LID-10034,DID-10034,2023-07,2023,7,3
OID-10035,4051,1848,12,Electronics,Phones,Credit Card,2021-05-08,Ohio,Cincinnati,2021-05,Kimberly Warren,CID-10035,PID-10035,LID-10035,DID-10035,2021-05,2021,5,2
OID-10036,5011,866,11,Furniture,Bookcases,Credit Card,2023-07-03,California,San Diego,2023-07,Jessica Richardson,CID-10036,PID-10036,LID-10036,DID-10036,2023-07,2023,7,3
OID-10037,5011,866,11,Furniture,Bookcases,Credit Card,2021-05-08,Ohio,Cincinnati,2021-05,Kimberly Warren,CID-10037,PID-10037,LID-10037,DID-10037,2021-05,2021,5,2
OID-10038,3958,630,15,Furniture,Sofas,EMI,2022-10-07,Florida,Orlando,2022-10,Casey Garcia,CID-10038,PID-10038,LID-10038,DID-10038,2022-10,2022,10,4
OID-10039,3132,963,1,Furniture,Tables,Debit Card,2022-10-07,Florida,Orlando,2022-10,Casey Garcia,CID-10039,PID-10039,LID-10039,DID-10039,2022-10,2022,10,4
OID-10040,7784,2937,12,Office Supplies,Markers,UPI,2024-08-06,California,San Francisco,2024-08,Denise Hampton,CID-10040,PID-10040,LID-10040,DID-10040,2024-08,2024,8,3
OID-10041,5591,1696,3,Office Supplies,Pens,COD,2024-08-06,California,San Francisco,2024-08,Denise Hampton,CID-10041,PID-10041,LID-10041,DID-10041,2024-08,2024,8,3
OID-10042,5122,2413,12,Electronics,Electronic Games,COD,2024-08-06,California,San Francisco,2024-08,Denise Hampton,CID-10042,PID-10042,LID-10042,DID-10042,2024-08,2024,8,3
OID-10043,8293,2632,8,Office Supplies,Binders,COD,2022-01-05,Ohio,Cleveland,2022-01,Justin Rodriguez,CID-10043,PID-10043,LID-10043,DID-10043,2022-01,2022,1,1
OID-10044,8293,2632,8,Office Supplies,Binders,COD,2020-10-17,New York,Rochester,2020-10,Ms. Emily Baxter,CID-10044,PID-10044,LID-10044,DID-10044,2020-10,2020,10,4
OID-10045,8293,2632,8,Office Supplies,Binders,COD,2023-08-21,California,Los Angeles,2023-08,Austin White,CID-10045,PID-10045,LID-10045,DID-10045,2023-08,2023,8,3
OID-10046,2863,205,17,Electronics,Phones,UPI,2022-01-05,Ohio,Cleveland,2022-01,Justin Rodriguez,CID-10046,PID-10046,LID-10046,DID-10046,2022-01,2022,1,1
OID-10047,2863,205,17,Electronics,Phones,UPI,2020-10-17,New York,Rochester,2020-10,Ms. Emily Baxter,CID-10047,PID-10047,LID-10047,DID-10047,2020-10,2020,10,4
OID-10048,2863,205,17,Electronics,Phones,UPI,2023-08-21,California,Los Angeles,2023-08,Austin White,CID-10048,PID-10048,LID-10048,DID-10048,2023-08,2023,8,3
OID-10049,3090,573,6,Furniture,Tables,EMI,2024-12-27,California,San Diego,2024-12,Morgan Montes,CID-10049,PID-10049,LID-10049,DID-10049,2024-12,2024,12,4
OID-10050,3090,573,6,Furniture,Tables,EMI,2021-06-18,Ohio,Cincinnati,2021-06,Christine Mosley,CID-10050,PID-10050,LID-10050,DID-10050,2021-06,2021,6,2
OID-10051,3090,573,6,Furniture,Tables,EMI,2023-05-27,Texas,Austin,2023-05,Ashley Rodriguez,CID-10051,PID-10051,LID-10051,DID-10051,2023-05,2023,5,2
OID-10052,3090,573,6,Furniture,Tables,EMI,2021-10-12,Texas,Dallas,2021-10,Elizabeth King,CID-10052,PID-10052,LID-10052,DID-10052,2021-10,2021,10,4
OID-10053,9683,1014,5,Electronics,Printers,UPI,2024-12-27,California,San Diego,2024-12,Morgan Montes,CID-10053,PID-10053,LID-10053,DID-10053,2024-12,2024,12,4
OID-10054,9683,1014,5,Electronics,Printers,UPI,2021-06-18,Ohio,Cincinnati,2021-06,Christine Mosley,CID-10054,PID-10054,LID-10054,DID-10054,2021-06,2021,6,2
OID-10055,9683,1014,5,Electronics,Printers,UPI,2023-05-27,Texas,Austin,2023-05,Ashley Rodriguez,CID-10055,PID-10055,LID-10055,DID-10055,2023-05,2023,5,2
OID-10056,9683,1014,5,Electronics,Printers,UPI,2021-10-12,Texas,Dallas,2021-10,Elizabeth King,CID-10056,PID-10056,LID-10056,DID-10056,2021-10,2021,10,4
OID-10057,2463,648,18,Furniture,Tables,EMI,2022-09-19,Ohio,Cincinnati,2022-09,Connie Holmes,CID-10057,PID-10057,LID-10057,DID-10057,2022-09,2022,9,3
OID-10058,7811,1538,12,Furniture,Sofas,COD,2022-03-25,Florida,Miami,2022-03,Melissa Peck,CID-10058,PID-10058,LID-10058,DID-10058,2022-03,2022,3,1
OID-10059,6139,451,10,Furniture,Tables,Debit Card,2022-02-26,Florida,Orlando,2022-02,David Smith,CID-10059,PID-10059,LID-10059,DID-10059,2022-02,2022,2,1
OID-10060,6139,451,10,Furniture,Tables,Debit Card,2021-04-05,Texas,Houston,2021-04,Jacqueline Harris,CID-10060,PID-10060,LID-10060,DID-10060,2021-04,2021,4,2
OID-10061,8636,3192,3,Furniture,Chairs,COD,2022-02-26,Florida,Orlando,2022-02,David Smith,CID-10061,PID-10061,LID-10061,DID-10061,2022-02,2022,2,1
OID-10062,8636,3192,3,Furniture,Chairs,COD,2021-04-05,Texas,Houston,2021-04,Jacqueline Harris,CID-10062,PID-10062,LID-10062,DID-10062,2021-04,2021,4,2
OID-10063,4439,1712,19,Furniture,Sofas,Credit Card,2022-02-26,Florida,Orlando,2022-02,David Smith,CID-10063,PID-10063,LID-10063,DID-10063,2022-02,2022,2,1
OID-10064,4439,1712,19,Furniture,Sofas,Credit Card,2021-04-05,Texas,Houston,2021-04,Jacqueline Harris,CID-10064,PID-10064,LID-10064,DID-10064,2021-04,2021,4,2
OID-10065,1016,172,20,Furniture,Tables,Debit Card,2020-11-16,New York,Buffalo,2020-11,Heather Jenkins,CID-10065,PID-10065,LID-10065,DID-10065,2020-11,2020,11,4
OID-10066,5768,2059,14,Furniture,Tables,UPI,2020-11-16,New York,Buffalo,2020-11,Heather Jenkins,CID-10066,PID-10066,LID-10066,DID-10066,2020-11,2020,11,4
OID-10067,1217,151,3,Furniture,Tables,Credit Card,2020-11-16,New York,Buffalo,2020-11,Heather Jenkins,CID-10067,PID-10067,LID-10067,DID-10067,2020-11,2020,11,4
OID-10068,953,93,2,Office Supplies,Paper,Debit Card,2024-12-12,Ohio,Cleveland,2024-12,Kelsey Castaneda,CID-10068,PID-10068,LID-10068,DID-10068,2024-12,2024,12,4
OID-10069,953,93,2,Office Supplies,Paper,Debit Card,2023-04-06,California,Los Angeles,2023-04,Katherine Harris,CID-10069,PID-10069,LID-10069,DID-10069,2023-04,2023,4,2
OID-10070,7355,1034,3,Furniture,Sofas,COD,2024-12-12,Ohio,Cleveland,2024-12,Kelsey Castaneda,CID-10070,PID-10070,LID-10070,DID-10070,2024-12,2024,12,4
OID-10071,7355,1034,3,Furniture,Sofas,COD,2023-04-06,California,Los Angeles,2023-04,Katherine Harris,CID-10071,PID-10071,LID-10071,DID-10071,2023-04,2023,4,2
OID-10072,1843,248,3,Electronics,Phones,Credit Card,2024-12-12,Ohio,Cleveland,2024-12,Kelsey Castaneda,CID-10072,PID-10072,LID-10072,DID-10072,2024-12,2024,12,4
OID-10073,1843,248,3,Electronics,Phones,Credit Card,2023-04-06,California,Los Angeles,2023-04,Katherine Harris,CID-10073,PID-10073,LID-10073,DID-10073,2023-04,2023,4,2
OID-10074,1603,361,10,Office Supplies,Pens,Debit Card,2024-12-12,Ohio,Cleveland,2024-12,Kelsey Castaneda,CID-10074,PID-10074,LID-10074,DID-10074,2024-12,2024,12,4
OID-10075,1603,361,10,Office Supplies,Pens,Debit Card,2023-04-06,California,Los Angeles,2023-04,Katherine Harris,CID-10075,PID-10075,LID-10075,DID-10075,2023-04,2023,4,2
OID-10076,2025,528,1,Office Supplies,Pens,Credit Card,2024-01-28,Florida,Miami,2024-01,Paul Rogers,CID-10076,PID-10076,LID-10076,DID-10076,2024-01,2024,1,1
OID-10077,6800,167,16,Office Supplies,Binders,EMI,2024-01-28,Florida,Miami,2024-01,Paul Rogers,CID-10077,PID-10077,LID-10077,DID-10077,2024-01,2024,1,1
OID-10078,1126,55,1,Furniture,Bookcases,UPI,2022-01-16,Florida,Tampa,2022-01,Jon Banks,CID-10078,PID-10078,LID-10078,DID-10078,2022-01,2022,1,1
OID-10079,1126,55,1,Furniture,Bookcases,UPI,2022-12-16,New York,Buffalo,2022-12,Michelle Williams,CID-10079,PID-10079,LID-10079,DID-10079,2022-12,2022,12,4
OID-10080,7533,3508,12,Furniture,Tables,UPI,2023-07-13,California,San Diego,2023-07,Andrew Allen,CID-10080,PID-10080,LID-10080,DID-10080,2023-07,2023,7,3
OID-10081,4734,1178,16,Office Supplies,Binders,Credit Card,2023-07-13,California,San Diego,2023-07,Andrew Allen,CID-10081,PID-10081,LID-10081,DID-10081,2023-07,2023,7,3
OID-10082,4074,1175,6,Electronics,Electronic Games,Debit Card,2023-07-13,California,San Diego,2023-07,Andrew Allen,CID-10082,PID-10082,LID-10082,DID-10082,2023-07,2023,7,3
OID-10083,2334,484,3,Furniture,Sofas,Credit Card,2023-07-13,California,San Diego,2023-07,Andrew Allen,CID-10083,PID-10083,LID-10083,DID-10083,2023-07,2023,7,3
OID-10084,2750,1239,11,Electronics,Phones,Debit Card,2025-03-10,New York,Buffalo,2025-03,Vanessa Bauer,CID-10084,PID-10084,LID-10084,DID-10084,2025-03,2025,3,1
OID-10085,2750,1239,11,Electronics,Phones,Debit Card,2024-09-24,Ohio,Cleveland,2024-09,Sean Smith,CID-10085,PID-10085,LID-10085,DID-10085,2024-09,2024,9,3
OID-10086,8639,3104,19,Office Supplies,Pens,EMI,2025-03-10,New York,Buffalo,2025-03,Vanessa Bauer,CID-10086,PID-10086,LID-10086,DID-10086,2025-03,2025,3,1
OID-10087,8639,3104,19,Office Supplies,Pens,EMI,2024-09-24,Ohio,Cleveland,2024-09,Sean Smith,CID-10087,PID-10087,LID-10087,DID-10087,2024-09,2024,9,3
OID-10088,3808,1192,4,Office Supplies,Markers,UPI,2020-04-13,New York,New York City,2020-04,Shelly Sweeney,CID-10088,PID-10088,LID-10088,DID-10088,2020-04,2020,4,2
OID-10089,2588,705,16,Office Supplies,Pens,Credit Card,2020-04-13,New York,New York City,2020-04,Shelly Sweeney,CID-10089,PID-10089,LID-10089,DID-10089,2020-04,2020,4,2
OID-10090,1591,727,5,Electronics,Electronic Games,Credit Card,2022-06-27,Illinois,Springfield,2022-06,Emily Gill,CID-10090,PID-10090,LID-10090,DID-10090,2022-06,2022,6,2
OID-10091,1591,727,5,Electronics,Electronic Games,Credit Card,2021-03-14,Florida,Tampa,2021-03,Brian Patrick,CID-10091,PID-10091,LID-10091,DID-10091,2021-03,2021,3,1
OID-10092,1591,727,5,Electronics,Electronic Games,Credit Card,2022-02-23,Ohio,Cincinnati,2022-02,Dr. Sarah Booth,CID-10092,PID-10092,LID-10092,DID-10092,2022-02,2022,2,1
OID-10093,1757,622,10,Furniture,Chairs,UPI,2022-03-29,Ohio,Cleveland,2022-03,Douglas Mcfarland,CID-10093,PID-10093,LID-10093,DID-10093,2022-03,2022,3,1
OID-10094,1757,622,10,Furniture,Chairs,UPI,2022-11-20,Illinois,Peoria,2022-11,Kayla Ross,CID-10094,PID-10094,LID-10094,DID-10094,2022-11,2022,11,4
OID-10095,6940,253,15,Furniture,Bookcases,Debit Card,2021-11-12,Florida,Orlando,2021-11,Marc Strickland,CID-10095,PID-10095,LID-10095,DID-10095,2021-11,2021,11,4
OID-10096,5105,465,5,Electronics,Printers,UPI,2021-11-12,Florida,Orlando,2021-11,Marc Strickland,CID-10096,PID-10096,LID-10096,DID-10096,2021-11,2021,11,4
OID-10097,5578,277,16,Furniture,Tables,COD,2021-08-17,Florida,Miami,2021-08,Charlene Brown,CID-10097,PID-10097,LID-10097,DID-10097,2021-08,2021,8,3
OID-10098,5578,277,16,Furniture,Tables,COD,2022-05-16,Ohio,Columbus,2022-05,Charles Smith,CID-10098,PID-10098,LID-10098,DID-10098,2022-05,2022,5,2
OID-10099,5224,1958,16,Furniture,Chairs,Credit Card,2023-07-16,Texas,Houston,2023-07,Karen Townsend,CID-10099,PID-10099,LID-10099,DID-10099,2023-07,2023,7,3
OID-10100,5002,1801,11,Office Supplies,Markers,Credit Card,2023-07-16,Texas,Houston,2023-07,Karen Townsend,CID-10100,PID-10100,LID-10100,DID-10100,2023-07,2023,7,3
OID-10101,7380,1673,18,Office Supplies,Markers,COD,2023-07-16,Texas,Houston,2023-07,Karen Townsend,CID-10101,PID-10101,LID-10101,DID-10101,2023-07,2023,7,3
OID-10102,7595,2873,4,Furniture,Chairs,Debit Card,2020-08-18,California,Los Angeles,2020-08,Steven Cox,CID-10102,PID-10102,LID-10102,DID-10102,2020-08,2020,8,3
OID-10103,7595,2873,4,Furniture,Chairs,Debit Card,2022-04-19,New York,Rochester,2022-04,Cynthia Rodriguez,CID-10103,PID-10103,LID-10103,DID-10103,2022-04,2022,4,2
OID-10104,1954,294,7,Furniture,Sofas,Debit Card,2022-12-23,Texas,Austin,2022-12,Jessica Baker,CID-10104,PID-10104,LID-10104,DID-10104,2022-12,2022,12,4
OID-10105,523,95,20,Electronics,Printers,EMI,2024-12-07,Texas,Dallas,2024-12,Mark Blackburn,CID-10105,PID-10105,LID-10105,DID-10105,2024-12,2024,12,4
OID-10106,5704,714,13,Electronics,Laptops,EMI,2022-02-03,Texas,Austin,2022-02,Zachary Perez,CID-10106,PID-10106,LID-10106,DID-10106,2022-02,2022,2,1
OID-10107,5704,714,13,Electronics,Laptops,EMI,2021-12-12,California,San Diego,2021-12,Brian Green,CID-10107,PID-10107,LID-10107,DID-10107,2021-12,2021,12,4
OID-10108,8797,1010,8,Furniture,Tables,UPI,2022-02-03,Texas,Austin,2022-02,Zachary Perez,CID-10108,PID-10108,LID-10108,DID-10108,2022-02,2022,2,1
OID-10109,8797,1010,8,Furniture,Tables,UPI,2021-12-12,California,San Diego,2021-12,Brian Green,CID-10109,PID-10109,LID-10109,DID-10109,2021-12,2021,12,4
OID-10110,9236,2899,5,Electronics,Laptops,Debit Card,2022-02-03,Texas,Austin,2022-02,Zachary Perez,CID-10110,PID-10110,LID-10110,DID-10110,2022-02,2022,2,1
OID-10111,9236,2899,5,Electronics,Laptops,Debit Card,2021-12-12,California,San Diego,2021-12,Brian Green,CID-10111,PID-10111,LID-10111,DID-10111,2021-12,2021,12,4
OID-10112,9109,586,17,Furniture,Sofas,EMI,2020-05-17,Florida,Miami,2020-05,Becky Leach,CID-10112,PID-10112,LID-10112,DID-10112,2020-05,2020,5,2
OID-10113,4358,526,19,Electronics,Phones,Credit Card,2022-12-05,Texas,Dallas,2022-12,Bryan Russell,CID-10113,PID-10113,LID-10113,DID-10113,2022-12,2022,12,4
OID-10114,4358,526,19,Electronics,Phones,Credit Card,2024-09-17,California,San Francisco,2024-09,Tony Maddox,CID-10114,PID-10114,LID-10114,DID-10114,2024-09,2024,9,3
OID-10115,6459,825,8,Electronics,Phones,Credit Card,2022-12-05,Texas,Dallas,2022-12,Bryan Russell,CID-10115,PID-10115,LID-10115,DID-10115,2022-12,2022,12,4
OID-10116,6459,825,8,Electronics,Phones,Credit Card,2024-09-17,California,San Francisco,2024-09,Tony Maddox,CID-10116,PID-10116,LID-10116,DID-10116,2024-09,2024,9,3
OID-10117,2478,92,12,Furniture,Bookcases,COD,2023-05-08,California,San Francisco,2023-05,Jason Randolph,CID-10117,PID-10117,LID-10117,DID-10117,2023-05,2023,5,2
OID-10118,2478,92,12,Furniture,Bookcases,COD,2021-03-03,New York,New York City,2021-03,Laura Andrews,CID-10118,PID-10118,LID-10118,DID-10118,2021-03,2021,3,1
OID-10119,2478,92,12,Furniture,Bookcases,COD,2021-03-18,California,San Francisco,2021-03,Mrs. Stephanie Hooper,CID-10119,PID-10119,LID-10119,DID-10119,2021-03,2021,3,1
OID-10120,2478,92,12,Furniture,Bookcases,COD,2023-04-24,Ohio,Cleveland,2023-04,Anthony Evans,CID-10120,PID-10120,LID-10120,DID-10120,2023-04,2023,4,2
OID-10121,9992,3696,20,Office Supplies,Pens,Debit Card,2021-10-09,New York,Rochester,2021-10,Patrick Williams,CID-10121,PID-10121,LID-10121,DID-10121,2021-10,2021,10,4
OID-10122,9992,3696,20,Office Supplies,Pens,Debit Card,2022-04-15,Texas,Austin,2022-04,Susan Burke,CID-10122,PID-10122,LID-10122,DID-10122,2022-04,2022,4,2
OID-10123,9992,3696,20,Office Supplies,Pens,Debit Card,2022-08-29,New York,Rochester,2022-08,Brent Hernandez,CID-10123,PID-10123,LID-10123,DID-10123,2022-08,2022,8,3
OID-10124,9619,3420,7,Office Supplies,Binders,UPI,2021-10-09,New York,Rochester,2021-10,Patrick Williams,CID-10124,PID-10124,LID-10124,DID-10124,2021-10,2021,10,4
OID-10125,9619,3420,7,Office Supplies,Binders,UPI,2022-04-15,Texas,Austin,2022-04,Susan Burke,CID-10125,PID-10125,LID-10125,DID-10125,2022-04,2022,4,2
OID-10126,9619,3420,7,Office Supplies,Binders,UPI,2022-08-29,New York,Rochester,2022-08,Brent Hernandez,CID-10126,PID-10126,LID-10126,DID-10126,2022-08,2022,8,3
OID-10127,9538,3158,20,Electronics,Printers,Credit Card,2024-09-04,California,San Francisco,2024-09,Sean Elliott,CID-10127,PID-10127,LID-10127,DID-10127,2024-09,2024,9,3
OID-10128,9538,3158,20,Electronics,Printers,Credit Card,2021-05-18,Ohio,Cleveland,2021-05,Wanda West,CID-10128,PID-10128,LID-10128,DID-10128,2021-05,2021,5,2
OID-10129,9035,1227,14,Furniture,Chairs,EMI,2024-09-04,California,San Francisco,2024-09,Sean Elliott,CID-10129,PID-10129,LID-10129,DID-10129,2024-09,2024,9,3
OID-10130,9035,1227,14,Furniture,Chairs,EMI,2021-05-18,Ohio,Cleveland,2021-05,Wanda West,CID-10130,PID-10130,LID-10130,DID-10130,2021-05,2021,5,2
OID-10131,2684,670,2,Office Supplies,Paper,COD,2024-07-02,Florida,Tampa,2024-07,Renee Solomon,CID-10131,PID-10131,LID-10131,DID-10131,2024-07,2024,7,3
OID-10132,822,147,5,Furniture,Sofas,Credit Card,2024-07-02,Florida,Tampa,2024-07,Renee Solomon,CID-10132,PID-10132,LID-10132,DID-10132,2024-07,2024,7,3
OID-10133,9730,2341,2,Furniture,Chairs,EMI,2024-07-02,Florida,Tampa,2024-07,Renee Solomon,CID-10133,PID-10133,LID-10133,DID-10133,2024-07,2024,7,3
OID-10134,2483,236,2,Electronics,Electronic Games,COD,2024-07-02,Florida,Tampa,2024-07,Renee Solomon,CID-10134,PID-10134,LID-10134,DID-10134,2024-07,2024,7,3
OID-10135,1297,600,7,Office Supplies,Binders,Credit Card,2024-02-16,Florida,Orlando,2024-02,Daryl Miles,CID-10135,PID-10135,LID-10135,DID-10135,2024-02,2024,2,1
OID-10136,7909,1942,19,Electronics,Phones,COD,2024-02-16,Florida,Orlando,2024-02,Daryl Miles,CID-10136,PID-10136,LID-10136,DID-10136,2024-02,2024,2,1
OID-10137,9768,4518,8,Furniture,Tables,Credit Card,2021-11-26,Texas,Dallas,2021-11,Michael Hunt,CID-10137,PID-10137,LID-10137,DID-10137,2021-11,2021,11,4
OID-10138,4968,934,5,Furniture,Sofas,Debit Card,2021-11-26,Texas,Dallas,2021-11,Michael Hunt,CID-10138,PID-10138,LID-10138,DID-10138,2021-11,2021,11,4
OID-10139,1731,149,4,Electronics,Laptops,EMI,2021-11-26,Texas,Dallas,2021-11,Michael Hunt,CID-10139,PID-10139,LID-10139,DID-10139,2021-11,2021,11,4
OID-10140,3433,1169,10,Office Supplies,Binders,COD,2024-02-01,California,San Francisco,2024-02,Adam Clark,CID-10140,PID-10140,LID-10140,DID-10140,2024-02,2024,2,1
OID-10141,3433,1169,10,Office Supplies,Binders,COD,2021-09-09,Illinois,Springfield,2021-09,Amy Olsen,CID-10141,PID-10141,LID-10141,DID-10141,2021-09,2021,9,3
OID-10142,3433,1169,10,Office Supplies,Binders,COD,2021-09-08,California,San Diego,2021-09,Stacey Miller,CID-10142,PID-10142,LID-10142,DID-10142,2021-09,2021,9,3
OID-10143,3887,1490,1,Office Supplies,Binders,Debit Card,2024-02-01,California,San Francisco,2024-02,Adam Clark,CID-10143,PID-10143,LID-10143,DID-10143,2024-02,2024,2,1
OID-10144,3887,1490,1,Office Supplies,Binders,Debit Card,2021-09-09,Illinois,Springfield,2021-09,Amy Olsen,CID-10144,PID-10144,LID-10144,DID-10144,2021-09,2021,9,3
OID-10145,3887,1490,1,Office Supplies,Binders,Debit Card,2021-09-08,California,San Diego,2021-09,Stacey Miller,CID-10145,PID-10145,LID-10145,DID-10145,2021-09,2021,9,3
OID-10146,1801,641,20,Office Supplies,Markers,Credit Card,2024-07-09,California,Los Angeles,2024-07,Daniel Mosley,CID-10146,PID-10146,LID-10146,DID-10146,2024-07,2024,7,3
OID-10147,5301,817,10,Furniture,Tables,Debit Card,2024-07-09,California,Los Angeles,2024-07,Daniel Mosley,CID-10147,PID-10147,LID-10147,DID-10147,2024-07,2024,7,3
OID-10148,1166,520,12,Office Supplies,Paper,Debit Card,2024-07-09,California,Los Angeles,2024-07,Daniel Mosley,CID-10148,PID-10148,LID-10148,DID-10148,2024-07,2024,7,3
OID-10149,3196,1411,15,Office Supplies,Paper,Debit Card,2024-07-09,California,Los Angeles,2024-07,Daniel Mosley,CID-10149,PID-10149,LID-10149,DID-10149,2024-07,2024,7,3
OID-10150,3428,350,1,Furniture,Chairs,Credit Card,2023-02-28,Illinois,Springfield,2023-02,Monica Gibson,CID-10150,PID-10150,LID-10150,DID-10150,2023-02,2023,2,1
OID-10151,7223,2433,12,Office Supplies,Binders,Credit Card,2023-02-28,Illinois,Springfield,2023-02,Monica Gibson,CID-10151,PID-10151,LID-10151,DID-10151,2023-02,2023,2,1
OID-10152,3731,647,1,Office Supplies,Pens,Credit Card,2023-02-28,Illinois,Springfield,2023-02,Monica Gibson,CID-10152,PID-10152,LID-10152,DID-10152,2023-02,2023,2,1
OID-10153,8903,4401,18,Office Supplies,Pens,Credit Card,2022-08-08,Ohio,Columbus,2022-08,Christopher Jordan,CID-10153,PID-10153,LID-10153,DID-10153,2022-08,2022,8,3
OID-10154,6009,2107,7,Electronics,Phones,UPI,2022-12-07,Illinois,Chicago,2022-12,Christina Davis,CID-10154,PID-10154,LID-10154,DID-10154,2022-12,2022,12,4
OID-10155,6009,2107,7,Electronics,Phones,UPI,2024-04-29,Texas,Austin,2024-04,Claudia Curry,CID-10155,PID-10155,LID-10155,DID-10155,2024-04,2024,4,2
OID-10156,2858,230,3,Furniture,Tables,Credit Card,2022-12-07,Illinois,Chicago,2022-12,Christina Davis,CID-10156,PID-10156,LID-10156,DID-10156,2022-12,2022,12,4
OID-10157,2858,230,3,Furniture,Tables,Credit Card,2024-04-29,Texas,Austin,2024-04,Claudia Curry,CID-10157,PID-10157,LID-10157,DID-10157,2024-04,2024,4,2
OID-10158,8175,525,7,Furniture,Sofas,Credit Card,2022-12-07,Illinois,Chicago,2022-12,Christina Davis,CID-10158,PID-10158,LID-10158,DID-10158,2022-12,2022,12,4
OID-10159,8175,525,7,Furniture,Sofas,Credit Card,2024-04-29,Texas,Austin,2024-04,Claudia Curry,CID-10159,PID-10159,LID-10159,DID-10159,2024-04,2024,4,2
OID-10160,5846,586,18,Furniture,Sofas,UPI,2022-12-07,Illinois,Chicago,2022-12,Christina Davis,CID-10160,PID-10160,LID-10160,DID-10160,2022-12,2022,12,4
OID-10161,5846,586,18,Furniture,Sofas,UPI,2024-04-29,Texas,Austin,2024-04,Claudia Curry,CID-10161,PID-10161,LID-10161,DID-10161,2024-04,2024,4,2
OID-10162,706,197,11,Electronics,Laptops,Credit Card,2022-01-02,Texas,Austin,2022-01,Brandon Anderson,CID-10162,PID-10162,LID-10162,DID-10162,2022-01,2022,1,1
OID-10163,9835,2571,16,Furniture,Tables,COD,2022-06-10,Texas,Dallas,2022-06,George Foster,CID-10163,PID-10163,LID-10163,DID-10163,2022-06,2022,6,2
OID-10164,9835,2571,16,Furniture,Tables,COD,2021-11-16,Florida,Orlando,2021-11,Nicholas Anderson,CID-10164,PID-10164,LID-10164,DID-10164,2021-11,2021,11,4
OID-10165,9835,2571,16,Furniture,Tables,COD,2022-08-17,California,Los Angeles,2022-08,Emily Ellison,CID-10165,PID-10165,LID-10165,DID-10165,2022-08,2022,8,3
OID-10166,9691,3056,13,Office Supplies,Markers,Credit Card,2022-06-10,Texas,Dallas,2022-06,George Foster,CID-10166,PID-10166,LID-10166,DID-10166,2022-06,2022,6,2
OID-10167,9691,3056,13,Office Supplies,Markers,Credit Card,2021-11-16,Florida,Orlando,2021-11,Nicholas Anderson,CID-10167,PID-10167,LID-10167,DID-10167,2021-11,2021,11,4
OID-10168,9691,3056,13,Office Supplies,Markers,Credit Card,2022-08-17,California,Los Angeles,2022-08,Emily Ellison,CID-10168,PID-10168,LID-10168,DID-10168,2022-08,2022,8,3
OID-10169,7826,1221,14,Furniture,Bookcases,UPI,2022-06-10,Texas,Dallas,2022-06,George Foster,CID-10169,PID-10169,LID-10169,DID-10169,2022-06,2022,6,2
OID-10170,7826,1221,14,Furniture,Bookcases,UPI,2021-11-16,Florida,Orlando,2021-11,Nicholas Anderson,CID-10170,PID-10170,LID-10170,DID-10170,2021-11,2021,11,4
OID-10171,7826,1221,14,Furniture,Bookcases,UPI,2022-08-17,California,Los Angeles,2022-08,Emily Ellison,CID-10171,PID-10171,LID-10171,DID-10171,2022-08,2022,8,3
OID-10172,770,241,11,Furniture,Sofas,COD,2021-11-23,Texas,Austin,2021-11,Darren Perez,CID-10172,PID-10172,LID-10172,DID-10172,2021-11,2021,11,4
OID-10173,770,241,11,Furniture,Sofas,COD,2023-03-04,Ohio,Cincinnati,2023-03,Michelle Hunter,CID-10173,PID-10173,LID-10173,DID-10173,2023-03,2023,3,1
OID-10174,9895,1598,20,Furniture,Bookcases,COD,2023-12-16,New York,Rochester,2023-12,Janet Guerrero,CID-10174,PID-10174,LID-10174,DID-10174,2023-12,2023,12,4
OID-10175,6517,1581,10,Office Supplies,Paper,Debit Card,2024-05-19,Florida,Miami,2024-05,Jeffrey Kline,CID-10175,PID-10175,LID-10175,DID-10175,2024-05,2024,5,2
OID-10176,6517,1581,10,Office Supplies,Paper,Debit Card,2020-05-14,Florida,Tampa,2020-05,Ryan Bullock,CID-10176,PID-10176,LID-10176,DID-10176,2020-05,2020,5,2
OID-10177,1166,349,11,Furniture,Tables,Credit Card,2024-05-19,Florida,Miami,2024-05,Jeffrey Kline,CID-10177,PID-10177,LID-10177,DID-10177,2024-05,2024,5,2
OID-10178,1166,349,11,Furniture,Tables,Credit Card,2020-05-14,Florida,Tampa,2020-05,Ryan Bullock,CID-10178,PID-10178,LID-10178,DID-10178,2020-05,2020,5,2
OID-10179,9820,793,16,Furniture,Chairs,Credit Card,2021-08-29,New York,Buffalo,2021-08,Tom Lawson,CID-10179,PID-10179,LID-10179,DID-10179,2021-08,2021,8,3
OID-10180,8563,2624,8,Office Supplies,Binders,COD,2024-11-10,Texas,Dallas,2024-11,Rebecca Smith,CID-10180,PID-10180,LID-10180,DID-10180,2024-11,2024,11,4
OID-10181,4441,281,20,Electronics,Printers,COD,2024-11-10,Texas,Dallas,2024-11,Rebecca Smith,CID-10181,PID-10181,LID-10181,DID-10181,2024-11,2024,11,4
OID-10182,7340,2271,8,Office Supplies,Paper,EMI,2021-12-05,Florida,Orlando,2021-12,William Welch,CID-10182,PID-10182,LID-10182,DID-10182,2021-12,2021,12,4
OID-10183,5442,1610,1,Electronics,Phones,EMI,2021-12-05,Florida,Orlando,2021-12,William Welch,CID-10183,PID-10183,LID-10183,DID-10183,2021-12,2021,12,4
OID-10184,1895,391,14,Furniture,Tables,UPI,2024-07-05,Florida,Tampa,2024-07,Mr. Curtis Bailey,CID-10184,PID-10184,LID-10184,DID-10184,2024-07,2024,7,3
OID-10185,5323,322,13,Office Supplies,Binders,COD,2024-07-05,Florida,Tampa,2024-07,Mr. Curtis Bailey,CID-10185,PID-10185,LID-10185,DID-10185,2024-07,2024,7,3
OID-10186,8850,279,13,Office Supplies,Markers,Debit Card,2024-06-25,Florida,Miami,2024-06,Janet Carlson,CID-10186,PID-10186,LID-10186,DID-10186,2024-06,2024,6,2
OID-10187,8667,1266,6,Office Supplies,Paper,Debit Card,2024-06-25,Florida,Miami,2024-06,Janet Carlson,CID-10187,PID-10187,LID-10187,DID-10187,2024-06,2024,6,2
OID-10188,6903,105,1,Furniture,Tables,COD,2024-05-31,Illinois,Chicago,2024-05,Spencer Spears,CID-10188,PID-10188,LID-10188,DID-10188,2024-05,2024,5,2
OID-10189,8793,3010,7,Office Supplies,Pens,COD,2024-05-31,Illinois,Chicago,2024-05,Spencer Spears,CID-10189,PID-10189,LID-10189,DID-10189,2024-05,2024,5,2
OID-10190,9883,4812,16,Office Supplies,Paper,UPI,2020-10-20,New York,Buffalo,2020-10,Jeffrey Middleton,CID-10190,PID-10190,LID-10190,DID-10190,2020-10,2020,10,4
OID-10191,9883,4812,16,Office Supplies,Paper,UPI,2022-08-11,Florida,Orlando,2022-08,Veronica Kelley,CID-10191,PID-10191,LID-10191,DID-10191,2022-08,2022,8,3
OID-10192,9883,4812,16,Office Supplies,Paper,UPI,2021-10-17,Illinois,Springfield,2021-10,Leslie Bean,CID-10192,PID-10192,LID-10192,DID-10192,2021-10,2021,10,4
OID-10193,5210,1185,7,Office Supplies,Paper,UPI,2020-10-20,New York,Buffalo,2020-10,Jeffrey Middleton,CID-10193,PID-10193,LID-10193,DID-10193,2020-10,2020,10,4
OID-10194,5210,1185,7,Office Supplies,Paper,UPI,2022-08-11,Florida,Orlando,2022-08,Veronica Kelley,CID-10194,PID-10194,LID-10194,DID-10194,2022-08,2022,8,3
OID-10195,5210,1185,7,Office Supplies,Paper,UPI,2021-10-17,Illinois,Springfield,2021-10,Leslie Bean,CID-10195,PID-10195,LID-10195,DID-10195,2021-10,2021,10,4
OID-10196,3574,851,4,Electronics,Printers,Credit Card,2022-02-23,California,Los Angeles,2022-02,Amy Wilson,CID-10196,PID-10196,LID-10196,DID-10196,2022-02,2022,2,1
OID-10197,576,76,13,Furniture,Sofas,UPI,2022-02-23,California,Los Angeles,2022-02,Amy Wilson,CID-10197,PID-10197,LID-10197,DID-10197,2022-02,2022,2,1
OID-10198,1860,457,13,Electronics,Printers,EMI,2023-09-20,Ohio,Cleveland,2023-09,Susan Ramirez,CID-10198,PID-10198,LID-10198,DID-10198,2023-09,2023,9,3
OID-10199,782,374,8,Office Supplies,Pens,EMI,2021-01-19,Illinois,Peoria,2021-01,Jacob Meyer,CID-10199,PID-10199,LID-10199,DID-10199,2021-01,2021,1,1
OID-10200,4371,1852,1,Electronics,Laptops,UPI,2021-01-19,Illinois,Peoria,2021-01,Jacob Meyer,CID-10200,PID-10200,LID-10200,DID-10200,2021-01,2021,1,1
OID-10201,8346,1176,1,Electronics,Phones,COD,2020-08-21,Texas,Houston,2020-08,Scott Lewis,CID-10201,PID-10201,LID-10201,DID-10201,2020-08,2020,8,3
OID-10202,8346,1176,1,Electronics,Phones,COD,2023-04-17,Illinois,Chicago,2023-04,Eric Griffith,CID-10202,PID-10202,LID-10202,DID-10202,2023-04,2023,4,2
OID-10203,8346,1176,1,Electronics,Phones,COD,2023-12-24,California,San Francisco,2023-12,Anna Ferguson,CID-10203,PID-10203,LID-10203,DID-10203,2023-12,2023,12,4
OID-10204,6218,1125,5,Furniture,Tables,Debit Card,2020-08-21,Texas,Houston,2020-08,Scott Lewis,CID-10204,PID-10204,LID-10204,DID-10204,2020-08,2020,8,3
OID-10205,6218,1125,5,Furniture,Tables,Debit Card,2023-04-17,Illinois,Chicago,2023-04,Eric Griffith,CID-10205,PID-10205,LID-10205,DID-10205,2023-04,2023,4,2
OID-10206,6218,1125,5,Furniture,Tables,Debit Card,2023-12-24,California,San Francisco,2023-12,Anna Ferguson,CID-10206,PID-10206,LID-10206,DID-10206,2023-12,2023,12,4
OID-10207,5167,253,14,Electronics,Printers,Credit Card,2020-08-21,Texas,Houston,2020-08,Scott Lewis,CID-10207,PID-10207,LID-10207,DID-10207,2020-08,2020,8,3
OID-10208,5167,253,14,Electronics,Printers,Credit Card,2023-04-17,Illinois,Chicago,2023-04,Eric Griffith,CID-10208,PID-10208,LID-10208,DID-10208,2023-04,2023,4,2
OID-10209,5167,253,14,Electronics,Printers,Credit Card,2023-12-24,California,San Francisco,2023-12,Anna Ferguson,CID-10209,PID-10209,LID-10209,DID-10209,2023-12,2023,12,4
OID-10210,2799,1239,5,Furniture,Sofas,Debit Card,2020-08-21,Texas,Houston,2020-08,Scott Lewis,CID-10210,PID-10210,LID-10210,DID-10210,2020-08,2020,8,3
OID-10211,2799,1239,5,Furniture,Sofas,Debit Card,2023-04-17,Illinois,Chicago,2023-04,Eric Griffith,CID-10211,PID-10211,LID-10211,DID-10211,2023-04,2023,4,2
OID-10212,2799,1239,5,Furniture,Sofas,Debit Card,2023-12-24,California,San Francisco,2023-12,Anna Ferguson,CID-10212,PID-10212,LID-10212,DID-10212,2023-12,2023,12,4
OID-10213,3234,1029,20,Office Supplies,Markers,Credit Card,2022-03-20,Florida,Miami,2022-03,David Figueroa,CID-10213,PID-10213,LID-10213,DID-10213,2022-03,2022,3,1
OID-10214,4920,775,12,Furniture,Tables,Debit Card,2021-08-12,Illinois,Springfield,2021-08,Theresa Medina,CID-10214,PID-10214,LID-10214,DID-10214,2021-08,2021,8,3
OID-10215,9078,2213,15,Furniture,Bookcases,EMI,2021-08-12,Illinois,Springfield,2021-08,Theresa Medina,CID-10215,PID-10215,LID-10215,DID-10215,2021-08,2021,8,3
OID-10216,8586,3826,7,Furniture,Bookcases,UPI,2020-12-21,Florida,Miami,2020-12,Mary Smith,CID-10216,PID-10216,LID-10216,DID-10216,2020-12,2020,12,4
OID-10217,8586,3826,7,Furniture,Bookcases,UPI,2023-07-07,Florida,Tampa,2023-07,Lance Cain,CID-10217,PID-10217,LID-10217,DID-10217,2023-07,2023,7,3
OID-10218,5047,2211,13,Furniture,Sofas,EMI,2023-08-13,California,San Francisco,2023-08,Alexandra Moran,CID-10218,PID-10218,LID-10218,DID-10218,2023-08,2023,8,3
OID-10219,5047,2211,13,Furniture,Sofas,EMI,2021-02-04,Illinois,Chicago,2021-02,Sara Castro,CID-10219,PID-10219,LID-10219,DID-10219,2021-02,2021,2,1
OID-10220,5047,2211,13,Furniture,Sofas,EMI,2022-09-16,Illinois,Peoria,2022-09,Shawn Leach,CID-10220,PID-10220,LID-10220,DID-10220,2022-09,2022,9,3
OID-10221,5047,2211,13,Furniture,Sofas,EMI,2022-05-06,New York,Buffalo,2022-05,Mark Boyle,CID-10221,PID-10221,LID-10221,DID-10221,2022-05,2022,5,2
OID-10222,3657,163,1,Furniture,Sofas,UPI,2021-05-28,California,San Francisco,2021-05,John Stevens,CID-10222,PID-10222,LID-10222,DID-10222,2021-05,2021,5,2
OID-10223,6471,2842,18,Electronics,Electronic Games,UPI,2024-07-18,Illinois,Peoria,2024-07,Lisa Graham,CID-10223,PID-10223,LID-10223,DID-10223,2024-07,2024,7,3
OID-10224,949,301,9,Office Supplies,Binders,UPI,2024-12-06,Ohio,Cleveland,2024-12,Nancy Jones,CID-10224,PID-10224,LID-10224,DID-10224,2024-12,2024,12,4
OID-10225,6823,771,6,Office Supplies,Binders,EMI,2024-12-06,Ohio,Cleveland,2024-12,Nancy Jones,CID-10225,PID-10225,LID-10225,DID-10225,2024-12,2024,12,4
OID-10226,4364,831,2,Furniture,Tables,EMI,2024-12-06,Ohio,Cleveland,2024-12,Nancy Jones,CID-10226,PID-10226,LID-10226,DID-10226,2024-12,2024,12,4
OID-10227,6671,2797,10,Electronics,Phones,UPI,2022-12-12,Illinois,Peoria,2022-12,Darryl Robbins,CID-10227,PID-10227,LID-10227,DID-10227,2022-12,2022,12,4
OID-10228,7472,1037,3,Office Supplies,Paper,COD,2022-10-20,Illinois,Springfield,2022-10,Kimberly Smith,CID-10228,PID-10228,LID-10228,DID-10228,2022-10,2022,10,4
OID-10229,9548,1806,9,Electronics,Printers,COD,2022-10-20,Illinois,Springfield,2022-10,Kimberly Smith,CID-10229,PID-10229,LID-10229,DID-10229,2022-10,2022,10,4
OID-10230,7759,3741,17,Electronics,Printers,UPI,2021-03-24,Florida,Miami,2021-03,Maria Thomas,CID-10230,PID-10230,LID-10230,DID-10230,2021-03,2021,3,1
OID-10231,7759,3741,17,Electronics,Printers,UPI,2025-01-06,Texas,Dallas,2025-01,Nicholas Johnson,CID-10231,PID-10231,LID-10231,DID-10231,2025-01,2025,1,1
OID-10232,7521,3457,16,Office Supplies,Markers,Debit Card,2021-03-24,Florida,Miami,2021-03,Maria Thomas,CID-10232,PID-10232,LID-10232,DID-10232,2021-03,2021,3,1
OID-10233,7521,3457,16,Office Supplies,Markers,Debit Card,2025-01-06,Texas,Dallas,2025-01,Nicholas Johnson,CID-10233,PID-10233,LID-10233,DID-10233,2025-01,2025,1,1
OID-10234,9704,4339,12,Office Supplies,Pens,COD,2021-03-06,Texas,Houston,2021-03,Dawn Howard,CID-10234,PID-10234,LID-10234,DID-10234,2021-03,2021,3,1
OID-10235,4948,2356,18,Electronics,Printers,Debit Card,2021-03-06,Texas,Houston,2021-03,Dawn Howard,CID-10235,PID-10235,LID-10235,DID-10235,2021-03,2021,3,1
OID-10236,6435,334,10,Electronics,Electronic Games,Debit Card,2021-03-06,Texas,Houston,2021-03,Dawn Howard,CID-10236,PID-10236,LID-10236,DID-10236,2021-03,2021,3,1
OID-10237,9965,3033,16,Office Supplies,Markers,COD,2020-06-17,California,San Francisco,2020-06,Jennifer Marshall,CID-10237,PID-10237,LID-10237,DID-10237,2020-06,2020,6,2
OID-10238,9965,3033,16,Office Supplies,Markers,COD,2023-09-01,New York,Buffalo,2023-09,Frank Garcia,CID-10238,PID-10238,LID-10238,DID-10238,2023-09,2023,9,3
OID-10239,1523,234,3,Furniture,Sofas,UPI,2023-06-08,New York,Rochester,2023-06,Terri Madden,CID-10239,PID-10239,LID-10239,DID-10239,2023-06,2023,6,2
OID-10240,9073,424,7,Electronics,Electronic Games,Debit Card,2023-06-08,New York,Rochester,2023-06,Terri Madden,CID-10240,PID-10240,LID-10240,DID-10240,2023-06,2023,6,2
OID-10241,6447,3079,20,Electronics,Laptops,COD,2021-03-25,New York,Rochester,2021-03,James Gutierrez,CID-10241,PID-10241,LID-10241,DID-10241,2021-03,2021,3,1
OID-10242,8947,2807,6,Electronics,Electronic Games,Credit Card,2021-03-25,New York,Rochester,2021-03,James Gutierrez,CID-10242,PID-10242,LID-10242,DID-10242,2021-03,2021,3,1
OID-10243,914,400,8,Office Supplies,Pens,Debit Card,2021-01-03,California,Los Angeles,2021-01,Morgan Sellers,CID-10243,PID-10243,LID-10243,DID-10243,2021-01,2021,1,1
OID-10244,1548,666,3,Office Supplies,Paper,Credit Card,2021-01-03,California,Los Angeles,2021-01,Morgan Sellers,CID-10244,PID-10244,LID-10244,DID-10244,2021-01,2021,1,1
OID-10245,2759,1149,6,Furniture,Tables,Credit Card,2024-12-27,New York,New York City,2024-12,Caitlin Thomas,CID-10245,PID-10245,LID-10245,DID-10245,2024-12,2024,12,4
OID-10246,1341,615,4,Electronics,Laptops,UPI,2022-08-12,Florida,Orlando,2022-08,Kimberly Greene,CID-10246,PID-10246,LID-10246,DID-10246,2022-08,2022,8,3
OID-10247,9851,2669,19,Electronics,Electronic Games,Debit Card,2022-03-28,Ohio,Cleveland,2022-03,Tammy Anthony,CID-10247,PID-10247,LID-10247,DID-10247,2022-03,2022,3,1
OID-10248,9851,2669,19,Electronics,Electronic Games,Debit Card,2023-07-15,New York,Buffalo,2023-07,Jennifer Chase,CID-10248,PID-10248,LID-10248,DID-10248,2023-07,2023,7,3
OID-10249,9851,2669,19,Electronics,Electronic Games,Debit Card,2022-09-22,Florida,Orlando,2022-09,Cassandra Farley,CID-10249,PID-10249,LID-10249,DID-10249,2022-09,2022,9,3
OID-10250,9989,3930,14,Furniture,Tables,Debit Card,2022-03-28,Ohio,Cleveland,2022-03,Tammy Anthony,CID-10250,PID-10250,LID-10250,DID-10250,2022-03,2022,3,1
OID-10251,9989,3930,14,Furniture,Tables,Debit Card,2023-07-15,New York,Buffalo,2023-07,Jennifer Chase,CID-10251,PID-10251,LID-10251,DID-10251,2023-07,2023,7,3
OID-10252,9989,3930,14,Furniture,Tables,Debit Card,2022-09-22,Florida,Orlando,2022-09,Cassandra Farley,CID-10252,PID-10252,LID-10252,DID-10252,2022-09,2022,9,3
OID-10253,7421,958,10,Furniture,Tables,COD,2022-12-20,Texas,Houston,2022-12,Justin Vasquez,CID-10253,PID-10253,LID-10253,DID-10253,2022-12,2022,12,4
OID-10254,7421,958,10,Furniture,Tables,COD,2022-01-16,Texas,Houston,2022-01,Melissa Morales,CID-10254,PID-10254,LID-10254,DID-10254,2022-01,2022,1,1
OID-10255,7421,958,10,Furniture,Tables,COD,2023-01-29,Texas,Dallas,2023-01,Tyler Thompson,CID-10255,PID-10255,LID-10255,DID-10255,2023-01,2023,1,1
OID-10256,3099,479,1,Office Supplies,Paper,COD,2022-01-15,New York,Buffalo,2022-01,Heidi Davis,CID-10256,PID-10256,LID-10256,DID-10256,2022-01,2022,1,1
OID-10257,2521,906,7,Electronics,Phones,COD,2022-01-15,New York,Buffalo,2022-01,Heidi Davis,CID-10257,PID-10257,LID-10257,DID-10257,2022-01,2022,1,1
OID-10258,6962,3429,12,Electronics,Electronic Games,UPI,2024-03-24,Texas,Dallas,2024-03,Charles Lane,CID-10258,PID-10258,LID-10258,DID-10258,2024-03,2024,3,1
OID-10259,6962,3429,12,Electronics,Electronic Games,UPI,2025-02-19,Florida,Miami,2025-02,Joyce Good MD,CID-10259,PID-10259,LID-10259,DID-10259,2025-02,2025,2,1
OID-10260,1085,301,20,Furniture,Bookcases,UPI,2024-07-13,New York,Buffalo,2024-07,Maria Miller,CID-10260,PID-10260,LID-10260,DID-10260,2024-07,2024,7,3
OID-10261,738,342,2,Furniture,Chairs,Debit Card,2023-04-28,Ohio,Cincinnati,2023-04,Terry Mcdaniel,CID-10261,PID-10261,LID-10261,DID-10261,2023-04,2023,4,2
OID-10262,738,342,2,Furniture,Chairs,Debit Card,2020-12-05,New York,Buffalo,2020-12,Lisa Jacobs,CID-10262,PID-10262,LID-10262,DID-10262,2020-12,2020,12,4
OID-10263,738,342,2,Furniture,Chairs,Debit Card,2024-05-14,Ohio,Cincinnati,2024-05,Jeff Duncan,CID-10263,PID-10263,LID-10263,DID-10263,2024-05,2024,5,2
OID-10264,738,342,2,Furniture,Chairs,Debit Card,2022-01-18,New York,New York City,2022-01,Pamela Jones,CID-10264,PID-10264,LID-10264,DID-10264,2022-01,2022,1,1
OID-10265,1366,242,17,Electronics,Electronic Games,EMI,2023-09-18,Ohio,Columbus,2023-09,Renee Robinson,CID-10265,PID-10265,LID-10265,DID-10265,2023-09,2023,9,3
OID-10266,1518,155,13,Office Supplies,Markers,Credit Card,2023-09-18,Ohio,Columbus,2023-09,Renee Robinson,CID-10266,PID-10266,LID-10266,DID-10266,2023-09,2023,9,3
OID-10267,2962,1470,1,Electronics,Phones,COD,2021-05-12,New York,Buffalo,2021-05,Jessica Kidd,CID-10267,PID-10267,LID-10267,DID-10267,2021-05,2021,5,2
OID-10268,2962,1470,1,Electronics,Phones,COD,2023-09-17,Florida,Tampa,2023-09,Nicholas Martin,CID-10268,PID-10268,LID-10268,DID-10268,2023-09,2023,9,3
OID-10269,7131,718,12,Electronics,Printers,UPI,2021-05-12,New York,Buffalo,2021-05,Jessica Kidd,CID-10269,PID-10269,LID-10269,DID-10269,2021-05,2021,5,2
OID-10270,7131,718,12,Electronics,Printers,UPI,2023-09-17,Florida,Tampa,2023-09,Nicholas Martin,CID-10270,PID-10270,LID-10270,DID-10270,2023-09,2023,9,3
OID-10271,4200,855,10,Office Supplies,Markers,EMI,2021-05-12,New York,Buffalo,2021-05,Jessica Kidd,CID-10271,PID-10271,LID-10271,DID-10271,2021-05,2021,5,2
OID-10272,4200,855,10,Office Supplies,Markers,EMI,2023-09-17,Florida,Tampa,2023-09,Nicholas Martin,CID-10272,PID-10272,LID-10272,DID-10272,2023-09,2023,9,3
OID-10273,5934,1563,2,Office Supplies,Markers,EMI,2024-09-06,Illinois,Peoria,2024-09,David Brown,CID-10273,PID-10273,LID-10273,DID-10273,2024-09,2024,9,3
OID-10274,2701,322,11,Electronics,Printers,UPI,2022-06-18,New York,New York City,2022-06,Amber Moore,CID-10274,PID-10274,LID-10274,DID-10274,2022-06,2022,6,2
OID-10275,7273,2702,18,Office Supplies,Paper,COD,2022-06-18,New York,New York City,2022-06,Amber Moore,CID-10275,PID-10275,LID-10275,DID-10275,2022-06,2022,6,2
OID-10276,2465,699,18,Office Supplies,Markers,Debit Card,2020-05-22,California,San Francisco,2020-05,James Williams,CID-10276,PID-10276,LID-10276,DID-10276,2020-05,2020,5,2
OID-10277,3479,1087,2,Office Supplies,Markers,EMI,2024-10-17,Texas,Dallas,2024-10,Karina Barr,CID-10277,PID-10277,LID-10277,DID-10277,2024-10,2024,10,4
OID-10278,5457,1765,7,Electronics,Printers,EMI,2024-10-17,Texas,Dallas,2024-10,Karina Barr,CID-10278,PID-10278,LID-10278,DID-10278,2024-10,2024,10,4
OID-10279,4957,1152,8,Office Supplies,Markers,Credit Card,2022-03-22,Ohio,Cleveland,2022-03,Meghan Rush,CID-10279,PID-10279,LID-10279,DID-10279,2022-03,2022,3,1
OID-10280,4404,858,17,Office Supplies,Pens,Debit Card,2024-03-17,Ohio,Columbus,2024-03,Bianca Brown,CID-10280,PID-10280,LID-10280,DID-10280,2024-03,2024,3,1
OID-10281,8776,2529,15,Furniture,Sofas,Credit Card,2024-03-17,Ohio,Columbus,2024-03,Bianca Brown,CID-10281,PID-10281,LID-10281,DID-10281,2024-03,2024,3,1
OID-10282,9536,1437,9,Electronics,Phones,UPI,2020-04-02,Florida,Orlando,2020-04,Timothy Jensen,CID-10282,PID-10282,LID-10282,DID-10282,2020-04,2020,4,2
OID-10283,2225,589,7,Furniture,Sofas,Credit Card,2020-04-02,Florida,Orlando,2020-04,Timothy Jensen,CID-10283,PID-10283,LID-10283,DID-10283,2020-04,2020,4,2
OID-10284,9574,4045,19,Furniture,Bookcases,UPI,2024-03-13,California,San Francisco,2024-03,Melinda Montoya,CID-10284,PID-10284,LID-10284,DID-10284,2024-03,2024,3,1
OID-10285,4382,482,17,Electronics,Electronic Games,COD,2024-03-13,California,San Francisco,2024-03,Melinda Montoya,CID-10285,PID-10285,LID-10285,DID-10285,2024-03,2024,3,1
OID-10286,8200,257,19,Electronics,Laptops,COD,2023-03-21,Ohio,Cincinnati,2023-03,Tammy Bell,CID-10286,PID-10286,LID-10286,DID-10286,2023-03,2023,3,1
OID-10287,9316,3003,13,Furniture,Sofas,Credit Card,2023-03-21,Ohio,Cincinnati,2023-03,Tammy Bell,CID-10287,PID-10287,LID-10287,DID-10287,2023-03,2023,3,1
OID-10288,6379,3128,15,Electronics,Electronic Games,COD,2023-03-21,Ohio,Cincinnati,2023-03,Tammy Bell,CID-10288,PID-10288,LID-10288,DID-10288,2023-03,2023,3,1
OID-10289,3348,568,5,Office Supplies,Markers,Credit Card,2024-03-02,Ohio,Cleveland,2024-03,Connie Richards,CID-10289,PID-10289,LID-10289,DID-10289,2024-03,2024,3,1
OID-10290,3348,568,5,Office Supplies,Markers,Credit Card,2021-04-30,New York,Rochester,2021-04,Peter Ward,CID-10290,PID-10290,LID-10290,DID-10290,2021-04,2021,4,2
OID-10291,8856,2020,9,Office Supplies,Pens,Debit Card,2024-03-02,Ohio,Cleveland,2024-03,Connie Richards,CID-10291,PID-10291,LID-10291,DID-10291,2024-03,2024,3,1
OID-10292,8856,2020,9,Office Supplies,Pens,Debit Card,2021-04-30,New York,Rochester,2021-04,Peter Ward,CID-10292,PID-10292,LID-10292,DID-10292,2021-04,2021,4,2
OID-10293,1760,619,16,Furniture,Sofas,Debit Card,2021-09-15,Ohio,Columbus,2021-09,Jonathan Alvarez,CID-10293,PID-10293,LID-10293,DID-10293,2021-09,2021,9,3
OID-10294,1760,619,16,Furniture,Sofas,Debit Card,2023-01-28,Texas,Houston,2023-01,Becky Hodges,CID-10294,PID-10294,LID-10294,DID-10294,2023-01,2023,1,1
OID-10295,6351,986,15,Electronics,Printers,UPI,2021-09-15,Ohio,Columbus,2021-09,Jonathan Alvarez,CID-10295,PID-10295,LID-10295,DID-10295,2021-09,2021,9,3
OID-10296,6351,986,15,Electronics,Printers,UPI,2023-01-28,Texas,Houston,2023-01,Becky Hodges,CID-10296,PID-10296,LID-10296,DID-10296,2023-01,2023,1,1
OID-10297,869,373,14,Office Supplies,Paper,Credit Card,2021-07-08,New York,New York City,2021-07,Larry Hill,CID-10297,PID-10297,LID-10297,DID-10297,2021-07,2021,7,3
OID-10298,869,373,14,Office Supplies,Paper,Credit Card,2020-04-08,Ohio,Cleveland,2020-04,Amber Moon,CID-10298,PID-10298,LID-10298,DID-10298,2020-04,2020,4,2
OID-10299,1486,114,7,Furniture,Bookcases,UPI,2021-07-08,New York,New York City,2021-07,Larry Hill,CID-10299,PID-10299,LID-10299,DID-10299,2021-07,2021,7,3
OID-10300,1486,114,7,Furniture,Bookcases,UPI,2020-04-08,Ohio,Cleveland,2020-04,Amber Moon,CID-10300,PID-10300,LID-10300,DID-10300,2020-04,2020,4,2
OID-10301,2999,145,13,Office Supplies,Binders,COD,2022-08-23,Illinois,Chicago,2022-08,Cynthia Wilcox,CID-10301,PID-10301,LID-10301,DID-10301,2022-08,2022,8,3
OID-10302,5142,1916,20,Office Supplies,Paper,EMI,2022-08-23,Illinois,Chicago,2022-08,Cynthia Wilcox,CID-10302,PID-10302,LID-10302,DID-10302,2022-08,2022,8,3
OID-10303,1239,575,17,Electronics,Laptops,UPI,2022-12-17,New York,Rochester,2022-12,Rebecca Wright,CID-10303,PID-10303,LID-10303,DID-10303,2022-12,2022,12,4
OID-10304,1239,575,17,Electronics,Laptops,UPI,2022-06-08,Illinois,Springfield,2022-06,Sarah Flores,CID-10304,PID-10304,LID-10304,DID-10304,2022-06,2022,6,2
OID-10305,1262,515,16,Electronics,Electronic Games,EMI,2022-12-17,New York,Rochester,2022-12,Rebecca Wright,CID-10305,PID-10305,LID-10305,DID-10305,2022-12,2022,12,4
OID-10306,1262,515,16,Electronics,Electronic Games,EMI,2022-06-08,Illinois,Springfield,2022-06,Sarah Flores,CID-10306,PID-10306,LID-10306,DID-10306,2022-06,2022,6,2
OID-10307,1033,254,5,Furniture,Bookcases,COD,2020-08-28,New York,Rochester,2020-08,Carol Norman,CID-10307,PID-10307,LID-10307,DID-10307,2020-08,2020,8,3
OID-10308,1518,159,19,Electronics,Printers,UPI,2020-09-26,California,San Diego,2020-09,Stephanie Gardner,CID-10308,PID-10308,LID-10308,DID-10308,2020-09,2020,9,3
OID-10309,8581,2444,2,Office Supplies,Paper,Debit Card,2020-12-13,Illinois,Peoria,2020-12,Philip Baker,CID-10309,PID-10309,LID-10309,DID-10309,2020-12,2020,12,4
OID-10310,8581,2444,2,Office Supplies,Paper,Debit Card,2020-11-19,Florida,Orlando,2020-11,Randall Dennis,CID-10310,PID-10310,LID-10310,DID-10310,2020-11,2020,11,4
OID-10311,1167,463,5,Office Supplies,Pens,UPI,2023-09-13,Texas,Austin,2023-09,Suzanne Cross,CID-10311,PID-10311,LID-10311,DID-10311,2023-09,2023,9,3
OID-10312,2841,803,20,Electronics,Laptops,Credit Card,2023-09-13,Texas,Austin,2023-09,Suzanne Cross,CID-10312,PID-10312,LID-10312,DID-10312,2023-09,2023,9,3
OID-10313,5680,2159,19,Furniture,Tables,UPI,2023-09-13,Texas,Austin,2023-09,Suzanne Cross,CID-10313,PID-10313,LID-10313,DID-10313,2023-09,2023,9,3
OID-10314,8204,2382,6,Office Supplies,Pens,UPI,2020-03-31,Illinois,Chicago,2020-03,Jasmine Delgado,CID-10314,PID-10314,LID-10314,DID-10314,2020-03,2020,3,1
OID-10315,8204,2382,6,Office Supplies,Pens,UPI,2020-10-20,New York,Buffalo,2020-10,Kristen Harper,CID-10315,PID-10315,LID-10315,DID-10315,2020-10,2020,10,4
OID-10316,2850,904,6,Electronics,Phones,EMI,2020-03-31,Illinois,Chicago,2020-03,Jasmine Delgado,CID-10316,PID-10316,LID-10316,DID-10316,2020-03,2020,3,1
OID-10317,2850,904,6,Electronics,Phones,EMI,2020-10-20,New York,Buffalo,2020-10,Kristen Harper,CID-10317,PID-10317,LID-10317,DID-10317,2020-10,2020,10,4
OID-10318,907,391,9,Office Supplies,Pens,Credit Card,2023-08-04,New York,New York City,2023-08,Kaitlyn Graham MD,CID-10318,PID-10318,LID-10318,DID-10318,2023-08,2023,8,3
OID-10319,2174,265,19,Office Supplies,Pens,Credit Card,2022-04-11,Ohio,Cincinnati,2022-04,Dean Avila,CID-10319,PID-10319,LID-10319,DID-10319,2022-04,2022,4,2
OID-10320,8541,2029,12,Electronics,Electronic Games,Credit Card,2022-04-11,Ohio,Cincinnati,2022-04,Dean Avila,CID-10320,PID-10320,LID-10320,DID-10320,2022-04,2022,4,2
OID-10321,1931,551,3,Furniture,Bookcases,EMI,2022-04-11,Ohio,Cincinnati,2022-04,Dean Avila,CID-10321,PID-10321,LID-10321,DID-10321,2022-04,2022,4,2
OID-10322,1281,340,3,Electronics,Electronic Games,Debit Card,2021-12-31,Texas,Austin,2021-12,Megan Mack,CID-10322,PID-10322,LID-10322,DID-10322,2021-12,2021,12,4
OID-10323,2404,253,15,Electronics,Laptops,COD,2021-12-31,Texas,Austin,2021-12,Megan Mack,CID-10323,PID-10323,LID-10323,DID-10323,2021-12,2021,12,4
OID-10324,2119,196,1,Furniture,Sofas,COD,2020-08-16,California,Los Angeles,2020-08,Heather Johnson,CID-10324,PID-10324,LID-10324,DID-10324,2020-08,2020,8,3
OID-10325,3137,571,9,Office Supplies,Pens,Debit Card,2025-02-02,Illinois,Chicago,2025-02,Tina Davies,CID-10325,PID-10325,LID-10325,DID-10325,2025-02,2025,2,1
OID-10326,2323,727,7,Furniture,Tables,COD,2022-02-24,Texas,Dallas,2022-02,Matthew Harris,CID-10326,PID-10326,LID-10326,DID-10326,2022-02,2022,2,1
OID-10327,1368,406,9,Furniture,Bookcases,UPI,2022-02-24,Texas,Dallas,2022-02,Matthew Harris,CID-10327,PID-10327,LID-10327,DID-10327,2022-02,2022,2,1
OID-10328,9204,3289,16,Electronics,Laptops,Credit Card,2024-02-25,Florida,Miami,2024-02,Christopher Kirk,CID-10328,PID-10328,LID-10328,DID-10328,2024-02,2024,2,1
OID-10329,9204,3289,16,Electronics,Laptops,Credit Card,2021-06-15,Florida,Miami,2021-06,Eric Stevens,CID-10329,PID-10329,LID-10329,DID-10329,2021-06,2021,6,2
OID-10330,9894,3698,20,Office Supplies,Paper,EMI,2024-02-25,Florida,Miami,2024-02,Christopher Kirk,CID-10330,PID-10330,LID-10330,DID-10330,2024-02,2024,2,1
OID-10331,9894,3698,20,Office Supplies,Paper,EMI,2021-06-15,Florida,Miami,2021-06,Eric Stevens,CID-10331,PID-10331,LID-10331,DID-10331,2021-06,2021,6,2
OID-10332,5322,1423,18,Furniture,Sofas,COD,2022-12-08,Texas,Houston,2022-12,James Dickerson,CID-10332,PID-10332,LID-10332,DID-10332,2022-12,2022,12,4
OID-10333,5322,1423,18,Furniture,Sofas,COD,2023-12-09,Texas,Dallas,2023-12,James Jones,CID-10333,PID-10333,LID-10333,DID-10333,2023-12,2023,12,4
OID-10334,2666,559,14,Furniture,Chairs,COD,2022-07-16,Ohio,Cleveland,2022-07,Hannah Hendricks,CID-10334,PID-10334,LID-10334,DID-10334,2022-07,2022,7,3
OID-10335,8383,937,4,Furniture,Sofas,UPI,2024-05-05,Florida,Orlando,2024-05,Brett Mullins,CID-10335,PID-10335,LID-10335,DID-10335,2024-05,2024,5,2
OID-10336,7560,821,4,Office Supplies,Paper,EMI,2021-10-04,Illinois,Chicago,2021-10,Ms. Kim Jordan,CID-10336,PID-10336,LID-10336,DID-10336,2021-10,2021,10,4
OID-10337,1314,490,16,Furniture,Sofas,UPI,2021-11-20,New York,Buffalo,2021-11,Marcus Santiago,CID-10337,PID-10337,LID-10337,DID-10337,2021-11,2021,11,4
OID-10338,4390,179,1,Furniture,Tables,Debit Card,2021-11-20,New York,Buffalo,2021-11,Marcus Santiago,CID-10338,PID-10338,LID-10338,DID-10338,2021-11,2021,11,4
OID-10339,1150,58,7,Office Supplies,Binders,Debit Card,2021-11-20,New York,Buffalo,2021-11,Marcus Santiago,CID-10339,PID-10339,LID-10339,DID-10339,2021-11,2021,11,4
OID-10340,1574,258,17,Office Supplies,Pens,EMI,2020-09-15,California,San Diego,2020-09,Jill Perez,CID-10340,PID-10340,LID-10340,DID-10340,2020-09,2020,9,3
OID-10341,5635,318,17,Office Supplies,Binders,UPI,2020-09-15,California,San Diego,2020-09,Jill Perez,CID-10341,PID-10341,LID-10341,DID-10341,2020-09,2020,9,3
OID-10342,6515,961,11,Furniture,Sofas,Debit Card,2020-09-15,California,San Diego,2020-09,Jill Perez,CID-10342,PID-10342,LID-10342,DID-10342,2020-09,2020,9,3
OID-10343,1231,214,20,Electronics,Laptops,Debit Card,2023-01-17,Ohio,Columbus,2023-01,Courtney Williams,CID-10343,PID-10343,LID-10343,DID-10343,2023-01,2023,1,1
OID-10344,1231,214,20,Electronics,Laptops,Debit Card,2020-06-16,New York,Rochester,2020-06,Jordan Hahn,CID-10344,PID-10344,LID-10344,DID-10344,2020-06,2020,6,2
OID-10345,6891,2529,3,Office Supplies,Binders,Debit Card,2024-05-01,Ohio,Cleveland,2024-05,William Cook,CID-10345,PID-10345,LID-10345,DID-10345,2024-05,2024,5,2
OID-10346,7524,2308,15,Electronics,Laptops,EMI,2023-12-07,Texas,Austin,2023-12,Stephanie Hayes,CID-10346,PID-10346,LID-10346,DID-10346,2023-12,2023,12,4
OID-10347,6864,1824,14,Electronics,Printers,Credit Card,2023-12-07,Texas,Austin,2023-12,Stephanie Hayes,CID-10347,PID-10347,LID-10347,DID-10347,2023-12,2023,12,4
OID-10348,4215,432,14,Furniture,Chairs,Debit Card,2024-02-02,Ohio,Columbus,2024-02,Melissa Wise,CID-10348,PID-10348,LID-10348,DID-10348,2024-02,2024,2,1
OID-10349,622,218,19,Furniture,Bookcases,Credit Card,2024-06-23,California,San Diego,2024-06,Elizabeth Gonzalez,CID-10349,PID-10349,LID-10349,DID-10349,2024-06,2024,6,2
OID-10350,1755,495,18,Office Supplies,Pens,UPI,2024-06-23,California,San Diego,2024-06,Elizabeth Gonzalez,CID-10350,PID-10350,LID-10350,DID-10350,2024-06,2024,6,2
OID-10351,8020,3898,20,Electronics,Electronic Games,EMI,2024-06-23,California,San Diego,2024-06,Elizabeth Gonzalez,CID-10351,PID-10351,LID-10351,DID-10351,2024-06,2024,6,2
OID-10352,7333,1576,4,Electronics,Laptops,Credit Card,2024-06-07,New York,Buffalo,2024-06,Mr. Eric Lopez,CID-10352,PID-10352,LID-10352,DID-10352,2024-06,2024,6,2
OID-10353,7690,1134,4,Electronics,Electronic Games,COD,2023-10-13,New York,Rochester,2023-10,Benjamin Higgins,CID-10353,PID-10353,LID-10353,DID-10353,2023-10,2023,10,4
OID-10354,912,246,2,Furniture,Sofas,EMI,2023-10-13,New York,Rochester,2023-10,Benjamin Higgins,CID-10354,PID-10354,LID-10354,DID-10354,2023-10,2023,10,4
OID-10355,2791,894,14,Electronics,Laptops,COD,2022-10-08,Texas,Austin,2022-10,Brett Sutton,CID-10355,PID-10355,LID-10355,DID-10355,2022-10,2022,10,4
OID-10356,2791,894,14,Electronics,Laptops,COD,2023-10-27,Ohio,Cincinnati,2023-10,Anna Blackburn,CID-10356,PID-10356,LID-10356,DID-10356,2023-10,2023,10,4
OID-10357,2791,894,14,Electronics,Laptops,COD,2021-02-09,Texas,Dallas,2021-02,Michelle Bailey,CID-10357,PID-10357,LID-10357,DID-10357,2021-02,2021,2,1
OID-10358,6223,1478,3,Furniture,Sofas,Debit Card,2022-10-08,Texas,Austin,2022-10,Brett Sutton,CID-10358,PID-10358,LID-10358,DID-10358,2022-10,2022,10,4
OID-10359,6223,1478,3,Furniture,Sofas,Debit Card,2023-10-27,Ohio,Cincinnati,2023-10,Anna Blackburn,CID-10359,PID-10359,LID-10359,DID-10359,2023-10,2023,10,4
OID-10360,6223,1478,3,Furniture,Sofas,Debit Card,2021-02-09,Texas,Dallas,2021-02,Michelle Bailey,CID-10360,PID-10360,LID-10360,DID-10360,2021-02,2021,2,1
OID-10361,8943,3121,17,Furniture,Chairs,Debit Card,2022-10-08,Texas,Austin,2022-10,Brett Sutton,CID-10361,PID-10361,LID-10361,DID-10361,2022-10,2022,10,4
OID-10362,8943,3121,17,Furniture,Chairs,Debit Card,2023-10-27,Ohio,Cincinnati,2023-10,Anna Blackburn,CID-10362,PID-10362,LID-10362,DID-10362,2023-10,2023,10,4
OID-10363,8943,3121,17,Furniture,Chairs,Debit Card,2021-02-09,Texas,Dallas,2021-02,Michelle Bailey,CID-10363,PID-10363,LID-10363,DID-10363,2021-02,2021,2,1
OID-10364,3297,102,12,Electronics,Phones,Credit Card,2022-10-08,Texas,Austin,2022-10,Brett Sutton,CID-10364,PID-10364,LID-10364,DID-10364,2022-10,2022,10,4
OID-10365,3297,102,12,Electronics,Phones,Credit Card,2023-10-27,Ohio,Cincinnati,2023-10,Anna Blackburn,CID-10365,PID-10365,LID-10365,DID-10365,2023-10,2023,10,4
OID-10366,3297,102,12,Electronics,Phones,Credit Card,2021-02-09,Texas,Dallas,2021-02,Michelle Bailey,CID-10366,PID-10366,LID-10366,DID-10366,2021-02,2021,2,1
OID-10367,8769,1989,20,Office Supplies,Paper,UPI,2020-11-03,Illinois,Chicago,2020-11,Sara Peterson,CID-10367,PID-10367,LID-10367,DID-10367,2020-11,2020,11,4
OID-10368,9057,1888,19,Electronics,Printers,COD,2022-05-30,Florida,Orlando,2022-05,Katherine Williams,CID-10368,PID-10368,LID-10368,DID-10368,2022-05,2022,5,2
OID-10369,6864,3275,11,Furniture,Tables,Credit Card,2022-05-30,Florida,Orlando,2022-05,Katherine Williams,CID-10369,PID-10369,LID-10369,DID-10369,2022-05,2022,5,2
OID-10370,9200,809,13,Electronics,Laptops,COD,2022-05-30,Florida,Orlando,2022-05,Katherine Williams,CID-10370,PID-10370,LID-10370,DID-10370,2022-05,2022,5,2
OID-10371,6113,2508,6,Electronics,Laptops,UPI,2024-06-16,Florida,Orlando,2024-06,Cory Evans,CID-10371,PID-10371,LID-10371,DID-10371,2024-06,2024,6,2
OID-10372,7733,2784,15,Furniture,Tables,EMI,2024-06-16,Florida,Orlando,2024-06,Cory Evans,CID-10372,PID-10372,LID-10372,DID-10372,2024-06,2024,6,2
OID-10373,8524,154,14,Furniture,Tables,COD,2024-06-16,Florida,Orlando,2024-06,Cory Evans,CID-10373,PID-10373,LID-10373,DID-10373,2024-06,2024,6,2
OID-10374,6187,2344,15,Furniture,Bookcases,EMI,2024-06-16,Florida,Orlando,2024-06,Cory Evans,CID-10374,PID-10374,LID-10374,DID-10374,2024-06,2024,6,2
OID-10375,4364,148,18,Furniture,Tables,EMI,2022-07-15,Ohio,Cincinnati,2022-07,Michael Rodriguez,CID-10375,PID-10375,LID-10375,DID-10375,2022-07,2022,7,3
OID-10376,736,286,12,Office Supplies,Pens,EMI,2022-07-15,Ohio,Cincinnati,2022-07,Michael Rodriguez,CID-10376,PID-10376,LID-10376,DID-10376,2022-07,2022,7,3
OID-10377,9905,633,17,Office Supplies,Pens,EMI,2021-07-18,Texas,Dallas,2021-07,John Munoz,CID-10377,PID-10377,LID-10377,DID-10377,2021-07,2021,7,3
OID-10378,9905,633,17,Office Supplies,Pens,EMI,2021-10-02,Florida,Tampa,2021-10,David Clark,CID-10378,PID-10378,LID-10378,DID-10378,2021-10,2021,10,4
OID-10379,2493,1221,9,Office Supplies,Paper,Credit Card,2024-04-16,Illinois,Springfield,2024-04,April Welch,CID-10379,PID-10379,LID-10379,DID-10379,2024-04,2024,4,2
OID-10380,9849,963,1,Office Supplies,Pens,Credit Card,2024-04-16,Illinois,Springfield,2024-04,April Welch,CID-10380,PID-10380,LID-10380,DID-10380,2024-04,2024,4,2
OID-10381,3423,804,4,Electronics,Printers,Credit Card,2020-07-09,Illinois,Peoria,2020-07,Alan Livingston,CID-10381,PID-10381,LID-10381,DID-10381,2020-07,2020,7,3
OID-10382,3423,804,4,Electronics,Printers,Credit Card,2020-07-25,Texas,Dallas,2020-07,Angela Jackson,CID-10382,PID-10382,LID-10382,DID-10382,2020-07,2020,7,3
OID-10383,3423,804,4,Electronics,Printers,Credit Card,2024-01-24,Texas,Austin,2024-01,Amy Williams,CID-10383,PID-10383,LID-10383,DID-10383,2024-01,2024,1,1
OID-10384,3423,804,4,Electronics,Printers,Credit Card,2020-05-04,Texas,Dallas,2020-05,Laura Jordan,CID-10384,PID-10384,LID-10384,DID-10384,2020-05,2020,5,2
OID-10385,3423,804,4,Electronics,Printers,Credit Card,2021-11-13,Ohio,Cincinnati,2021-11,Richard Maynard,CID-10385,PID-10385,LID-10385,DID-10385,2021-11,2021,11,4
OID-10386,3900,115,9,Furniture,Chairs,COD,2023-10-07,Illinois,Springfield,2023-10,Lawrence Oliver,CID-10386,PID-10386,LID-10386,DID-10386,2023-10,2023,10,4
OID-10387,8568,2419,11,Electronics,Electronic Games,UPI,2021-10-23,New York,Rochester,2021-10,Anthony Williams,CID-10387,PID-10387,LID-10387,DID-10387,2021-10,2021,10,4
OID-10388,3283,71,6,Office Supplies,Pens,EMI,2021-10-23,New York,Rochester,2021-10,Anthony Williams,CID-10388,PID-10388,LID-10388,DID-10388,2021-10,2021,10,4
OID-10389,7643,3720,19,Electronics,Electronic Games,EMI,2022-07-18,Texas,Dallas,2022-07,Lynn Matthews,CID-10389,PID-10389,LID-10389,DID-10389,2022-07,2022,7,3
OID-10390,3461,1537,15,Furniture,Sofas,EMI,2024-08-23,Illinois,Chicago,2024-08,Andrew Griffin,CID-10390,PID-10390,LID-10390,DID-10390,2024-08,2024,8,3
OID-10391,5714,1438,6,Electronics,Electronic Games,Credit Card,2024-08-23,Illinois,Chicago,2024-08,Andrew Griffin,CID-10391,PID-10391,LID-10391,DID-10391,2024-08,2024,8,3
OID-10392,3853,1457,10,Office Supplies,Binders,COD,2024-08-23,Illinois,Chicago,2024-08,Andrew Griffin,CID-10392,PID-10392,LID-10392,DID-10392,2024-08,2024,8,3
OID-10393,6016,431,20,Office Supplies,Pens,UPI,2020-10-28,Illinois,Chicago,2020-10,Megan Williams,CID-10393,PID-10393,LID-10393,DID-10393,2020-10,2020,10,4
OID-10394,1290,204,12,Office Supplies,Markers,UPI,2024-06-15,New York,Buffalo,2024-06,Alison Martin,CID-10394,PID-10394,LID-10394,DID-10394,2024-06,2024,6,2
OID-10395,1290,204,12,Office Supplies,Markers,UPI,2024-12-19,California,San Francisco,2024-12,Samuel Wallace,CID-10395,PID-10395,LID-10395,DID-10395,2024-12,2024,12,4
OID-10396,4569,1693,10,Electronics,Printers,UPI,2020-09-04,Illinois,Springfield,2020-09,Manuel Stark,CID-10396,PID-10396,LID-10396,DID-10396,2020-09,2020,9,3
OID-10397,3083,1151,16,Furniture,Bookcases,Debit Card,2022-04-16,Florida,Orlando,2022-04,William Villarreal,CID-10397,PID-10397,LID-10397,DID-10397,2022-04,2022,4,2
OID-10398,3522,898,15,Office Supplies,Pens,Credit Card,2024-08-29,Ohio,Cleveland,2024-08,Brandon Kirk,CID-10398,PID-10398,LID-10398,DID-10398,2024-08,2024,8,3
OID-10399,3522,898,15,Office Supplies,Pens,Credit Card,2022-01-14,California,Los Angeles,2022-01,Abigail Brown,CID-10399,PID-10399,LID-10399,DID-10399,2022-01,2022,1,1
OID-10400,7301,3602,3,Office Supplies,Binders,Debit Card,2024-04-07,Texas,Houston,2024-04,Kristine Carter,CID-10400,PID-10400,LID-10400,DID-10400,2024-04,2024,4,2
OID-10401,4462,121,8,Electronics,Laptops,COD,2022-04-24,Illinois,Springfield,2022-04,Wesley Deleon,CID-10401,PID-10401,LID-10401,DID-10401,2022-04,2022,4,2
OID-10402,6212,1881,17,Electronics,Phones,COD,2022-04-24,Illinois,Springfield,2022-04,Wesley Deleon,CID-10402,PID-10402,LID-10402,DID-10402,2022-04,2022,4,2
OID-10403,4027,1386,3,Furniture,Bookcases,EMI,2020-08-27,Florida,Tampa,2020-08,Laura Cole,CID-10403,PID-10403,LID-10403,DID-10403,2020-08,2020,8,3
OID-10404,1676,330,14,Electronics,Laptops,EMI,2023-03-01,Ohio,Cleveland,2023-03,Lauren Harris,CID-10404,PID-10404,LID-10404,DID-10404,2023-03,2023,3,1
OID-10405,3927,1133,12,Furniture,Bookcases,COD,2023-03-01,Ohio,Cleveland,2023-03,Lauren Harris,CID-10405,PID-10405,LID-10405,DID-10405,2023-03,2023,3,1
OID-10406,2776,887,9,Electronics,Phones,Debit Card,2023-03-01,Ohio,Cleveland,2023-03,Lauren Harris,CID-10406,PID-10406,LID-10406,DID-10406,2023-03,2023,3,1
OID-10407,7684,1157,12,Furniture,Sofas,COD,2020-10-02,Illinois,Chicago,2020-10,Cameron Miller,CID-10407,PID-10407,LID-10407,DID-10407,2020-10,2020,10,4
OID-10408,7684,1157,12,Furniture,Sofas,COD,2020-06-23,New York,Buffalo,2020-06,Jacob Carpenter,CID-10408,PID-10408,LID-10408,DID-10408,2020-06,2020,6,2
OID-10409,7684,1157,12,Furniture,Sofas,COD,2023-08-21,Ohio,Columbus,2023-08,Pamela Callahan DVM,CID-10409,PID-10409,LID-10409,DID-10409,2023-08,2023,8,3
OID-10410,6008,2498,17,Electronics,Phones,Credit Card,2022-07-16,Florida,Miami,2022-07,William Ruiz,CID-10410,PID-10410,LID-10410,DID-10410,2022-07,2022,7,3
OID-10411,7344,2598,20,Furniture,Bookcases,COD,2022-08-01,Texas,Dallas,2022-08,Paula Marshall,CID-10411,PID-10411,LID-10411,DID-10411,2022-08,2022,8,3
OID-10412,6932,3218,20,Office Supplies,Pens,COD,2020-07-16,Florida,Orlando,2020-07,Natalie Cox,CID-10412,PID-10412,LID-10412,DID-10412,2020-07,2020,7,3
OID-10413,7748,1706,16,Electronics,Electronic Games,EMI,2020-05-02,Ohio,Cincinnati,2020-05,Andrew Fernandez,CID-10413,PID-10413,LID-10413,DID-10413,2020-05,2020,5,2
OID-10414,6381,2763,20,Office Supplies,Markers,UPI,2020-05-02,Ohio,Cincinnati,2020-05,Andrew Fernandez,CID-10414,PID-10414,LID-10414,DID-10414,2020-05,2020,5,2
OID-10415,992,64,6,Electronics,Phones,Credit Card,2020-05-02,Ohio,Cincinnati,2020-05,Andrew Fernandez,CID-10415,PID-10415,LID-10415,DID-10415,2020-05,2020,5,2
OID-10416,8649,2631,13,Electronics,Laptops,EMI,2024-01-10,California,San Francisco,2024-01,Alisha Saunders,CID-10416,PID-10416,LID-10416,DID-10416,2024-01,2024,1,1
OID-10417,8649,2631,13,Electronics,Laptops,EMI,2020-09-30,New York,Rochester,2020-09,Travis Chandler DDS,CID-10417,PID-10417,LID-10417,DID-10417,2020-09,2020,9,3
OID-10418,4099,52,18,Electronics,Laptops,UPI,2022-03-28,New York,New York City,2022-03,Russell Austin,CID-10418,PID-10418,LID-10418,DID-10418,2022-03,2022,3,1
OID-10419,2539,324,5,Electronics,Electronic Games,UPI,2021-01-30,California,San Francisco,2021-01,Collin Cameron,CID-10419,PID-10419,LID-10419,DID-10419,2021-01,2021,1,1
OID-10420,9845,3062,9,Office Supplies,Paper,COD,2025-03-14,Florida,Orlando,2025-03,Elizabeth Hernandez,CID-10420,PID-10420,LID-10420,DID-10420,2025-03,2025,3,1
OID-10421,2901,1411,2,Office Supplies,Paper,Debit Card,2021-10-26,Texas,Austin,2021-10,William Russell,CID-10421,PID-10421,LID-10421,DID-10421,2021-10,2021,10,4
OID-10422,2901,1411,2,Office Supplies,Paper,Debit Card,2023-01-11,California,Los Angeles,2023-01,Sheri Berg,CID-10422,PID-10422,LID-10422,DID-10422,2023-01,2023,1,1
OID-10423,6934,1152,6,Office Supplies,Pens,Credit Card,2021-10-26,Texas,Austin,2021-10,William Russell,CID-10423,PID-10423,LID-10423,DID-10423,2021-10,2021,10,4
OID-10424,6934,1152,6,Office Supplies,Pens,Credit Card,2023-01-11,California,Los Angeles,2023-01,Sheri Berg,CID-10424,PID-10424,LID-10424,DID-10424,2023-01,2023,1,1
OID-10425,9640,2606,2,Furniture,Bookcases,Credit Card,2021-10-31,Illinois,Peoria,2021-10,Anthony Barnett,CID-10425,PID-10425,LID-10425,DID-10425,2021-10,2021,10,4
OID-10426,7930,1981,13,Furniture,Chairs,Credit Card,2023-05-04,Ohio,Cleveland,2023-05,Kaitlyn Flores,CID-10426,PID-10426,LID-10426,DID-10426,2023-05,2023,5,2
OID-10427,7930,1981,13,Furniture,Chairs,Credit Card,2024-08-09,Illinois,Springfield,2024-08,Rebecca Owen,CID-10427,PID-10427,LID-10427,DID-10427,2024-08,2024,8,3
OID-10428,9894,829,1,Office Supplies,Binders,COD,2022-08-21,California,San Diego,2022-08,Michael Bell,CID-10428,PID-10428,LID-10428,DID-10428,2022-08,2022,8,3
OID-10429,4534,2235,4,Furniture,Tables,COD,2022-08-21,California,San Diego,2022-08,Michael Bell,CID-10429,PID-10429,LID-10429,DID-10429,2022-08,2022,8,3
OID-10430,4911,186,20,Electronics,Phones,Debit Card,2022-06-19,New York,Buffalo,2022-06,Willie Huynh,CID-10430,PID-10430,LID-10430,DID-10430,2022-06,2022,6,2
OID-10431,531,189,20,Furniture,Bookcases,Debit Card,2022-06-19,New York,Buffalo,2022-06,Willie Huynh,CID-10431,PID-10431,LID-10431,DID-10431,2022-06,2022,6,2
OID-10432,9707,3483,10,Electronics,Electronic Games,EMI,2025-01-29,Illinois,Peoria,2025-01,Samuel Hayes,CID-10432,PID-10432,LID-10432,DID-10432,2025-01,2025,1,1
OID-10433,8521,2584,7,Office Supplies,Paper,COD,2025-01-29,Illinois,Peoria,2025-01,Samuel Hayes,CID-10433,PID-10433,LID-10433,DID-10433,2025-01,2025,1,1
OID-10434,8438,3427,12,Office Supplies,Binders,Credit Card,2022-01-14,New York,Buffalo,2022-01,Sherry Tran,CID-10434,PID-10434,LID-10434,DID-10434,2022-01,2022,1,1
OID-10435,1689,109,9,Electronics,Electronic Games,UPI,2022-01-14,New York,Buffalo,2022-01,Sherry Tran,CID-10435,PID-10435,LID-10435,DID-10435,2022-01,2022,1,1
OID-10436,3936,1626,14,Office Supplies,Paper,COD,2022-01-14,New York,Buffalo,2022-01,Sherry Tran,CID-10436,PID-10436,LID-10436,DID-10436,2022-01,2022,1,1
OID-10437,7664,1753,19,Electronics,Phones,Debit Card,2023-06-15,Ohio,Cincinnati,2023-06,Heather Gray,CID-10437,PID-10437,LID-10437,DID-10437,2023-06,2023,6,2
OID-10438,721,258,13,Electronics,Laptops,Debit Card,2023-10-18,Illinois,Peoria,2023-10,Benjamin Meadows,CID-10438,PID-10438,LID-10438,DID-10438,2023-10,2023,10,4
OID-10439,721,258,13,Electronics,Laptops,Debit Card,2022-06-13,New York,Buffalo,2022-06,Micheal Graham,CID-10439,PID-10439,LID-10439,DID-10439,2022-06,2022,6,2
OID-10440,8364,3055,17,Electronics,Laptops,Credit Card,2023-10-18,Illinois,Peoria,2023-10,Benjamin Meadows,CID-10440,PID-10440,LID-10440,DID-10440,2023-10,2023,10,4
OID-10441,8364,3055,17,Electronics,Laptops,Credit Card,2022-06-13,New York,Buffalo,2022-06,Micheal Graham,CID-10441,PID-10441,LID-10441,DID-10441,2022-06,2022,6,2
OID-10442,5234,2021,15,Furniture,Bookcases,EMI,2023-10-18,Illinois,Peoria,2023-10,Benjamin Meadows,CID-10442,PID-10442,LID-10442,DID-10442,2023-10,2023,10,4
OID-10443,5234,2021,15,Furniture,Bookcases,EMI,2022-06-13,New York,Buffalo,2022-06,Micheal Graham,CID-10443,PID-10443,LID-10443,DID-10443,2022-06,2022,6,2
OID-10444,3944,1559,18,Electronics,Phones,Credit Card,2024-06-12,California,San Francisco,2024-06,Jean Jackson,CID-10444,PID-10444,LID-10444,DID-10444,2024-06,2024,6,2
OID-10445,6711,1045,12,Office Supplies,Pens,Credit Card,2024-06-12,California,San Francisco,2024-06,Jean Jackson,CID-10445,PID-10445,LID-10445,DID-10445,2024-06,2024,6,2
OID-10446,5031,714,4,Furniture,Tables,Credit Card,2024-06-12,California,San Francisco,2024-06,Jean Jackson,CID-10446,PID-10446,LID-10446,DID-10446,2024-06,2024,6,2
OID-10447,6295,2469,14,Office Supplies,Binders,EMI,2024-06-12,California,San Francisco,2024-06,Jean Jackson,CID-10447,PID-10447,LID-10447,DID-10447,2024-06,2024,6,2
OID-10448,9654,4111,1,Office Supplies,Paper,UPI,2022-06-27,California,San Francisco,2022-06,Timothy Murphy,CID-10448,PID-10448,LID-10448,DID-10448,2022-06,2022,6,2
OID-10449,3112,1065,20,Office Supplies,Binders,COD,2022-06-27,California,San Francisco,2022-06,Timothy Murphy,CID-10449,PID-10449,LID-10449,DID-10449,2022-06,2022,6,2
OID-10450,7838,1142,13,Electronics,Phones,UPI,2021-02-18,California,San Francisco,2021-02,Mrs. Jennifer Lewis,CID-10450,PID-10450,LID-10450,DID-10450,2021-02,2021,2,1
OID-10451,9300,3146,6,Electronics,Phones,Credit Card,2021-02-18,California,San Francisco,2021-02,Mrs. Jennifer Lewis,CID-10451,PID-10451,LID-10451,DID-10451,2021-02,2021,2,1
OID-10452,1733,133,17,Office Supplies,Paper,Debit Card,2021-02-18,California,San Francisco,2021-02,Mrs. Jennifer Lewis,CID-10452,PID-10452,LID-10452,DID-10452,2021-02,2021,2,1
OID-10453,874,235,15,Office Supplies,Binders,Debit Card,2023-05-29,New York,Rochester,2023-05,Bryan Brown,CID-10453,PID-10453,LID-10453,DID-10453,2023-05,2023,5,2
OID-10454,874,235,15,Office Supplies,Binders,Debit Card,2021-06-04,Florida,Miami,2021-06,Christopher Johnson,CID-10454,PID-10454,LID-10454,DID-10454,2021-06,2021,6,2
OID-10455,1248,584,13,Office Supplies,Pens,EMI,2024-01-22,Ohio,Columbus,2024-01,Christina Conner,CID-10455,PID-10455,LID-10455,DID-10455,2024-01,2024,1,1
OID-10456,1248,584,13,Office Supplies,Pens,EMI,2022-12-27,California,San Francisco,2022-12,Luis Luna,CID-10456,PID-10456,LID-10456,DID-10456,2022-12,2022,12,4
OID-10457,3669,154,14,Office Supplies,Markers,EMI,2024-01-22,Ohio,Columbus,2024-01,Christina Conner,CID-10457,PID-10457,LID-10457,DID-10457,2024-01,2024,1,1
OID-10458,3669,154,14,Office Supplies,Markers,EMI,2022-12-27,California,San Francisco,2022-12,Luis Luna,CID-10458,PID-10458,LID-10458,DID-10458,2022-12,2022,12,4
OID-10459,514,109,15,Office Supplies,Paper,Debit Card,2024-01-22,Ohio,Columbus,2024-01,Christina Conner,CID-10459,PID-10459,LID-10459,DID-10459,2024-01,2024,1,1
OID-10460,514,109,15,Office Supplies,Paper,Debit Card,2022-12-27,California,San Francisco,2022-12,Luis Luna,CID-10460,PID-10460,LID-10460,DID-10460,2022-12,2022,12,4
OID-10461,3273,85,16,Electronics,Phones,UPI,2024-03-30,Ohio,Cincinnati,2024-03,Julie Chavez,CID-10461,PID-10461,LID-10461,DID-10461,2024-03,2024,3,1
OID-10462,5035,2008,2,Furniture,Chairs,COD,2020-04-04,Florida,Miami,2020-04,Richard Blair,CID-10462,PID-10462,LID-10462,DID-10462,2020-04,2020,4,2
OID-10463,7702,60,19,Electronics,Printers,UPI,2020-04-04,Florida,Miami,2020-04,Richard Blair,CID-10463,PID-10463,LID-10463,DID-10463,2020-04,2020,4,2
OID-10464,9884,4446,7,Electronics,Printers,EMI,2020-04-04,Florida,Miami,2020-04,Richard Blair,CID-10464,PID-10464,LID-10464,DID-10464,2020-04,2020,4,2
OID-10465,5564,175,11,Electronics,Laptops,COD,2023-01-22,Illinois,Chicago,2023-01,Mitchell Lester,CID-10465,PID-10465,LID-10465,DID-10465,2023-01,2023,1,1
OID-10466,5564,175,11,Electronics,Laptops,COD,2022-04-12,Texas,Houston,2022-04,Mr. John Tyler PhD,CID-10466,PID-10466,LID-10466,DID-10466,2022-04,2022,4,2
OID-10467,5564,175,11,Electronics,Laptops,COD,2023-12-13,Florida,Miami,2023-12,Juan Kelly,CID-10467,PID-10467,LID-10467,DID-10467,2023-12,2023,12,4
OID-10468,3953,1776,15,Electronics,Electronic Games,UPI,2023-01-22,Illinois,Chicago,2023-01,Mitchell Lester,CID-10468,PID-10468,LID-10468,DID-10468,2023-01,2023,1,1
OID-10469,3953,1776,15,Electronics,Electronic Games,UPI,2022-04-12,Texas,Houston,2022-04,Mr. John Tyler PhD,CID-10469,PID-10469,LID-10469,DID-10469,2022-04,2022,4,2
OID-10470,3953,1776,15,Electronics,Electronic Games,UPI,2023-12-13,Florida,Miami,2023-12,Juan Kelly,CID-10470,PID-10470,LID-10470,DID-10470,2023-12,2023,12,4
OID-10471,6488,1591,18,Electronics,Printers,EMI,2023-05-24,Texas,Dallas,2023-05,Morgan Mccarthy,CID-10471,PID-10471,LID-10471,DID-10471,2023-05,2023,5,2
OID-10472,6488,1591,18,Electronics,Printers,EMI,2020-11-29,Texas,Houston,2020-11,Morgan Sullivan,CID-10472,PID-10472,LID-10472,DID-10472,2020-11,2020,11,4
OID-10473,7856,3699,17,Electronics,Electronic Games,UPI,2021-03-24,Florida,Orlando,2021-03,Eric Clark,CID-10473,PID-10473,LID-10473,DID-10473,2021-03,2021,3,1
OID-10474,1165,51,3,Office Supplies,Pens,EMI,2021-03-24,Florida,Orlando,2021-03,Eric Clark,CID-10474,PID-10474,LID-10474,DID-10474,2021-03,2021,3,1
OID-10475,9386,2555,20,Office Supplies,Markers,Credit Card,2020-08-19,California,San Diego,2020-08,Mark Padilla,CID-10475,PID-10475,LID-10475,DID-10475,2020-08,2020,8,3
OID-10476,9386,2555,20,Office Supplies,Markers,Credit Card,2022-10-20,Ohio,Cleveland,2022-10,Anthony Lane,CID-10476,PID-10476,LID-10476,DID-10476,2022-10,2022,10,4
OID-10477,3956,142,12,Office Supplies,Pens,Debit Card,2023-09-20,Florida,Tampa,2023-09,Jeffrey Henderson,CID-10477,PID-10477,LID-10477,DID-10477,2023-09,2023,9,3
OID-10478,3956,142,12,Office Supplies,Pens,Debit Card,2024-12-26,Texas,Dallas,2024-12,Michelle Hardy,CID-10478,PID-10478,LID-10478,DID-10478,2024-12,2024,12,4
OID-10479,6449,2628,11,Furniture,Bookcases,EMI,2023-09-20,Florida,Tampa,2023-09,Jeffrey Henderson,CID-10479,PID-10479,LID-10479,DID-10479,2023-09,2023,9,3
OID-10480,6449,2628,11,Furniture,Bookcases,EMI,2024-12-26,Texas,Dallas,2024-12,Michelle Hardy,CID-10480,PID-10480,LID-10480,DID-10480,2024-12,2024,12,4
OID-10481,6255,437,18,Office Supplies,Markers,COD,2021-12-03,New York,Rochester,2021-12,Ms. Barbara Cervantes,CID-10481,PID-10481,LID-10481,DID-10481,2021-12,2021,12,4
OID-10482,2109,681,20,Electronics,Electronic Games,UPI,2021-12-03,New York,Rochester,2021-12,Ms. Barbara Cervantes,CID-10482,PID-10482,LID-10482,DID-10482,2021-12,2021,12,4
OID-10483,6707,1041,20,Electronics,Phones,Credit Card,2021-09-14,Texas,Austin,2021-09,Steven Proctor,CID-10483,PID-10483,LID-10483,DID-10483,2021-09,2021,9,3
OID-10484,7633,184,13,Office Supplies,Pens,COD,2021-09-30,Illinois,Springfield,2021-09,Shannon Patterson,CID-10484,PID-10484,LID-10484,DID-10484,2021-09,2021,9,3
OID-10485,975,224,18,Office Supplies,Pens,COD,2021-12-22,California,San Diego,2021-12,William Valdez,CID-10485,PID-10485,LID-10485,DID-10485,2021-12,2021,12,4
OID-10486,4492,1450,7,Furniture,Tables,EMI,2021-12-22,California,San Diego,2021-12,William Valdez,CID-10486,PID-10486,LID-10486,DID-10486,2021-12,2021,12,4
OID-10487,7957,2834,12,Furniture,Chairs,UPI,2021-12-22,California,San Diego,2021-12,William Valdez,CID-10487,PID-10487,LID-10487,DID-10487,2021-12,2021,12,4
OID-10488,4906,975,7,Furniture,Tables,Debit Card,2022-05-18,Texas,Houston,2022-05,Laura Yu,CID-10488,PID-10488,LID-10488,DID-10488,2022-05,2022,5,2
OID-10489,1379,250,3,Office Supplies,Pens,Credit Card,2020-10-08,New York,Buffalo,2020-10,Jonathan Mcmillan,CID-10489,PID-10489,LID-10489,DID-10489,2020-10,2020,10,4
OID-10490,4244,340,10,Electronics,Laptops,Debit Card,2020-10-08,New York,Buffalo,2020-10,Jonathan Mcmillan,CID-10490,PID-10490,LID-10490,DID-10490,2020-10,2020,10,4
OID-10491,5911,2333,14,Furniture,Bookcases,EMI,2022-08-20,California,San Diego,2022-08,Austin Davis,CID-10491,PID-10491,LID-10491,DID-10491,2022-08,2022,8,3
OID-10492,5911,2333,14,Furniture,Bookcases,EMI,2024-11-25,California,San Francisco,2024-11,Mark Roy,CID-10492,PID-10492,LID-10492,DID-10492,2024-11,2024,11,4
OID-10493,1818,738,11,Office Supplies,Markers,EMI,2022-08-20,California,San Diego,2022-08,Austin Davis,CID-10493,PID-10493,LID-10493,DID-10493,2022-08,2022,8,3
OID-10494,1818,738,11,Office Supplies,Markers,EMI,2024-11-25,California,San Francisco,2024-11,Mark Roy,CID-10494,PID-10494,LID-10494,DID-10494,2024-11,2024,11,4
OID-10495,2140,970,4,Office Supplies,Paper,Credit Card,2020-09-30,California,San Diego,2020-09,Jillian Williams,CID-10495,PID-10495,LID-10495,DID-10495,2020-09,2020,9,3
OID-10496,2140,970,4,Office Supplies,Paper,Credit Card,2025-02-20,Florida,Orlando,2025-02,Rebekah Carter,CID-10496,PID-10496,LID-10496,DID-10496,2025-02,2025,2,1
OID-10497,2140,970,4,Office Supplies,Paper,Credit Card,2022-03-20,California,San Francisco,2022-03,Jonathan Reed,CID-10497,PID-10497,LID-10497,DID-10497,2022-03,2022,3,1
OID-10498,2670,1026,1,Electronics,Laptops,Debit Card,2020-09-30,California,San Diego,2020-09,Jillian Williams,CID-10498,PID-10498,LID-10498,DID-10498,2020-09,2020,9,3
OID-10499,2670,1026,1,Electronics,Laptops,Debit Card,2025-02-20,Florida,Orlando,2025-02,Rebekah Carter,CID-10499,PID-10499,LID-10499,DID-10499,2025-02,2025,2,1
OID-10500,2670,1026,1,Electronics,Laptops,Debit Card,2022-03-20,California,San Francisco,2022-03,Jonathan Reed,CID-10500,PID-10500,LID-10500,DID-10500,2022-03,2022,3,1
OID-10501,1108,167,18,Electronics,Laptops,Debit Card,2025-03-07,Illinois,Springfield,2025-03,Roger Harris,CID-10501,PID-10501,LID-10501,DID-10501,2025-03,2025,3,1
OID-10502,9776,3750,9,Office Supplies,Binders,UPI,2025-03-07,Illinois,Springfield,2025-03,Roger Harris,CID-10502,PID-10502,LID-10502,DID-10502,2025-03,2025,3,1
OID-10503,535,72,6,Furniture,Bookcases,COD,2025-03-07,Illinois,Springfield,2025-03,Roger Harris,CID-10503,PID-10503,LID-10503,DID-10503,2025-03,2025,3,1
OID-10504,7564,3463,5,Office Supplies,Paper,Credit Card,2024-06-16,Florida,Tampa,2024-06,Louis Jimenez,CID-10504,PID-10504,LID-10504,DID-10504,2024-06,2024,6,2
OID-10505,7564,3463,5,Office Supplies,Paper,Credit Card,2020-11-21,Illinois,Peoria,2020-11,Jessica Jones,CID-10505,PID-10505,LID-10505,DID-10505,2020-11,2020,11,4
OID-10506,7564,3463,5,Office Supplies,Paper,Credit Card,2024-10-01,Florida,Miami,2024-10,Renee Gomez,CID-10506,PID-10506,LID-10506,DID-10506,2024-10,2024,10,4
OID-10507,7564,3463,5,Office Supplies,Paper,Credit Card,2024-07-01,Texas,Houston,2024-07,Connie Olson,CID-10507,PID-10507,LID-10507,DID-10507,2024-07,2024,7,3
OID-10508,3409,1605,20,Electronics,Electronic Games,UPI,2024-06-16,Florida,Tampa,2024-06,Louis Jimenez,CID-10508,PID-10508,LID-10508,DID-10508,2024-06,2024,6,2
OID-10509,3409,1605,20,Electronics,Electronic Games,UPI,2020-11-21,Illinois,Peoria,2020-11,Jessica Jones,CID-10509,PID-10509,LID-10509,DID-10509,2020-11,2020,11,4
OID-10510,3409,1605,20,Electronics,Electronic Games,UPI,2024-10-01,Florida,Miami,2024-10,Renee Gomez,CID-10510,PID-10510,LID-10510,DID-10510,2024-10,2024,10,4
OID-10511,3409,1605,20,Electronics,Electronic Games,UPI,2024-07-01,Texas,Houston,2024-07,Connie Olson,CID-10511,PID-10511,LID-10511,DID-10511,2024-07,2024,7,3
OID-10512,9751,2459,13,Office Supplies,Pens,COD,2020-11-23,New York,Buffalo,2020-11,Christian Jones,CID-10512,PID-10512,LID-10512,DID-10512,2020-11,2020,11,4
OID-10513,6385,2656,11,Electronics,Printers,Credit Card,2023-03-18,Florida,Orlando,2023-03,Matthew Kelley,CID-10513,PID-10513,LID-10513,DID-10513,2023-03,2023,3,1
OID-10514,6385,2656,11,Electronics,Printers,Credit Card,2022-10-19,Florida,Tampa,2022-10,Candace Martinez,CID-10514,PID-10514,LID-10514,DID-10514,2022-10,2022,10,4
OID-10515,6355,1335,15,Electronics,Electronic Games,Debit Card,2023-08-31,Texas,Austin,2023-08,Jacob Mann,CID-10515,PID-10515,LID-10515,DID-10515,2023-08,2023,8,3
OID-10516,6355,1335,15,Electronics,Electronic Games,Debit Card,2021-06-06,Texas,Austin,2021-06,Keith Reese,CID-10516,PID-10516,LID-10516,DID-10516,2021-06,2021,6,2
OID-10517,7377,320,15,Electronics,Printers,Debit Card,2022-12-21,Texas,Austin,2022-12,Aaron Jones,CID-10517,PID-10517,LID-10517,DID-10517,2022-12,2022,12,4
OID-10518,2054,371,12,Office Supplies,Markers,EMI,2022-12-21,Texas,Austin,2022-12,Aaron Jones,CID-10518,PID-10518,LID-10518,DID-10518,2022-12,2022,12,4
OID-10519,7497,319,18,Furniture,Chairs,COD,2024-02-12,Illinois,Peoria,2024-02,Christopher Brooks,CID-10519,PID-10519,LID-10519,DID-10519,2024-02,2024,2,1
OID-10520,2565,983,20,Electronics,Electronic Games,Debit Card,2022-12-05,Florida,Miami,2022-12,Charles Moore,CID-10520,PID-10520,LID-10520,DID-10520,2022-12,2022,12,4
OID-10521,5024,1544,19,Office Supplies,Pens,COD,2022-12-05,Florida,Miami,2022-12,Charles Moore,CID-10521,PID-10521,LID-10521,DID-10521,2022-12,2022,12,4
OID-10522,8243,1346,15,Office Supplies,Binders,Debit Card,2021-04-04,Texas,Houston,2021-04,Manuel Walls,CID-10522,PID-10522,LID-10522,DID-10522,2021-04,2021,4,2
OID-10523,7792,1403,13,Office Supplies,Paper,UPI,2021-02-12,Illinois,Peoria,2021-02,Darren Moore,CID-10523,PID-10523,LID-10523,DID-10523,2021-02,2021,2,1
OID-10524,7792,1403,13,Office Supplies,Paper,UPI,2022-12-27,New York,Rochester,2022-12,Stephanie Thomas,CID-10524,PID-10524,LID-10524,DID-10524,2022-12,2022,12,4
OID-10525,7792,1403,13,Office Supplies,Paper,UPI,2024-01-19,California,San Diego,2024-01,Kristy Hernandez,CID-10525,PID-10525,LID-10525,DID-10525,2024-01,2024,1,1
OID-10526,2346,388,14,Furniture,Chairs,Debit Card,2021-02-12,Illinois,Peoria,2021-02,Darren Moore,CID-10526,PID-10526,LID-10526,DID-10526,2021-02,2021,2,1
OID-10527,2346,388,14,Furniture,Chairs,Debit Card,2022-12-27,New York,Rochester,2022-12,Stephanie Thomas,CID-10527,PID-10527,LID-10527,DID-10527,2022-12,2022,12,4
OID-10528,2346,388,14,Furniture,Chairs,Debit Card,2024-01-19,California,San Diego,2024-01,Kristy Hernandez,CID-10528,PID-10528,LID-10528,DID-10528,2024-01,2024,1,1
OID-10529,7346,1043,10,Furniture,Sofas,Credit Card,2022-12-25,Ohio,Columbus,2022-12,Randy Johnson,CID-10529,PID-10529,LID-10529,DID-10529,2022-12,2022,12,4
OID-10530,9770,4132,7,Electronics,Electronic Games,UPI,2022-12-25,Ohio,Columbus,2022-12,Randy Johnson,CID-10530,PID-10530,LID-10530,DID-10530,2022-12,2022,12,4
OID-10531,7179,683,13,Electronics,Laptops,Credit Card,2022-12-25,Ohio,Columbus,2022-12,Randy Johnson,CID-10531,PID-10531,LID-10531,DID-10531,2022-12,2022,12,4
OID-10532,5449,2389,2,Electronics,Phones,UPI,2022-10-06,Florida,Miami,2022-10,James Benitez,CID-10532,PID-10532,LID-10532,DID-10532,2022-10,2022,10,4
OID-10533,2895,104,6,Furniture,Chairs,COD,2020-04-27,New York,Buffalo,2020-04,Donald York,CID-10533,PID-10533,LID-10533,DID-10533,2020-04,2020,4,2
OID-10534,2895,104,6,Furniture,Chairs,COD,2024-05-13,Texas,Houston,2024-05,Tiffany Parker,CID-10534,PID-10534,LID-10534,DID-10534,2024-05,2024,5,2
OID-10535,697,116,1,Furniture,Chairs,UPI,2020-04-27,New York,Buffalo,2020-04,Donald York,CID-10535,PID-10535,LID-10535,DID-10535,2020-04,2020,4,2
OID-10536,697,116,1,Furniture,Chairs,UPI,2024-05-13,Texas,Houston,2024-05,Tiffany Parker,CID-10536,PID-10536,LID-10536,DID-10536,2024-05,2024,5,2
OID-10537,6145,1414,4,Furniture,Chairs,COD,2020-10-23,California,Los Angeles,2020-10,Melissa Mcknight,CID-10537,PID-10537,LID-10537,DID-10537,2020-10,2020,10,4
OID-10538,2504,440,18,Electronics,Printers,UPI,2020-10-23,California,Los Angeles,2020-10,Melissa Mcknight,CID-10538,PID-10538,LID-10538,DID-10538,2020-10,2020,10,4
OID-10539,3124,138,16,Electronics,Phones,Debit Card,2020-10-23,California,Los Angeles,2020-10,Melissa Mcknight,CID-10539,PID-10539,LID-10539,DID-10539,2020-10,2020,10,4
OID-10540,6934,1226,1,Electronics,Electronic Games,Debit Card,2021-06-11,Ohio,Cincinnati,2021-06,Mr. Jack Mercado,CID-10540,PID-10540,LID-10540,DID-10540,2021-06,2021,6,2
OID-10541,6934,1226,1,Electronics,Electronic Games,Debit Card,2021-09-08,New York,Rochester,2021-09,Christian Jones,CID-10541,PID-10541,LID-10541,DID-10541,2021-09,2021,9,3
OID-10542,4202,1171,3,Office Supplies,Markers,COD,2022-11-23,Illinois,Peoria,2022-11,Rachel Fisher,CID-10542,PID-10542,LID-10542,DID-10542,2022-11,2022,11,4
OID-10543,4202,1171,3,Office Supplies,Markers,COD,2022-10-31,New York,Rochester,2022-10,Donald Moore,CID-10543,PID-10543,LID-10543,DID-10543,2022-10,2022,10,4
OID-10544,4202,1171,3,Office Supplies,Markers,COD,2023-11-06,Florida,Tampa,2023-11,William Wu,CID-10544,PID-10544,LID-10544,DID-10544,2023-11,2023,11,4
OID-10545,4202,1171,3,Office Supplies,Markers,COD,2023-11-12,Texas,Houston,2023-11,Jesus Zuniga,CID-10545,PID-10545,LID-10545,DID-10545,2023-11,2023,11,4
OID-10546,2239,828,1,Electronics,Printers,UPI,2023-06-26,California,Los Angeles,2023-06,Michael Gallegos,CID-10546,PID-10546,LID-10546,DID-10546,2023-06,2023,6,2
OID-10547,2239,828,1,Electronics,Printers,UPI,2023-09-30,Illinois,Chicago,2023-09,Robert Daniels,CID-10547,PID-10547,LID-10547,DID-10547,2023-09,2023,9,3
OID-10548,2450,1002,4,Electronics,Phones,Debit Card,2023-06-26,California,Los Angeles,2023-06,Michael Gallegos,CID-10548,PID-10548,LID-10548,DID-10548,2023-06,2023,6,2
OID-10549,2450,1002,4,Electronics,Phones,Debit Card,2023-09-30,Illinois,Chicago,2023-09,Robert Daniels,CID-10549,PID-10549,LID-10549,DID-10549,2023-09,2023,9,3
OID-10550,9827,4208,13,Furniture,Chairs,Debit Card,2020-09-12,New York,New York City,2020-09,Jill Jones,CID-10550,PID-10550,LID-10550,DID-10550,2020-09,2020,9,3
OID-10551,8077,240,15,Furniture,Sofas,Credit Card,2020-09-12,New York,New York City,2020-09,Jill Jones,CID-10551,PID-10551,LID-10551,DID-10551,2020-09,2020,9,3
OID-10552,5152,2045,14,Electronics,Phones,UPI,2020-11-27,Illinois,Springfield,2020-11,Elizabeth Miller,CID-10552,PID-10552,LID-10552,DID-10552,2020-11,2020,11,4
OID-10553,5152,2045,14,Electronics,Phones,UPI,2022-08-25,California,Los Angeles,2022-08,Sabrina Clark,CID-10553,PID-10553,LID-10553,DID-10553,2022-08,2022,8,3
OID-10554,5152,2045,14,Electronics,Phones,UPI,2023-08-23,Illinois,Chicago,2023-08,Larry Casey,CID-10554,PID-10554,LID-10554,DID-10554,2023-08,2023,8,3
OID-10555,5152,2045,14,Electronics,Phones,UPI,2023-10-11,New York,Rochester,2023-10,Daniel Burns,CID-10555,PID-10555,LID-10555,DID-10555,2023-10,2023,10,4
OID-10556,2542,190,1,Office Supplies,Markers,Credit Card,2022-04-21,Texas,Houston,2022-04,James Tanner,CID-10556,PID-10556,LID-10556,DID-10556,2022-04,2022,4,2
OID-10557,8102,1800,5,Office Supplies,Markers,UPI,2023-09-14,California,San Francisco,2023-09,Leonard Gonzalez,CID-10557,PID-10557,LID-10557,DID-10557,2023-09,2023,9,3
OID-10558,8102,1800,5,Office Supplies,Markers,UPI,2020-04-29,New York,Buffalo,2020-04,Richard Lee,CID-10558,PID-10558,LID-10558,DID-10558,2020-04,2020,4,2
OID-10559,8102,1800,5,Office Supplies,Markers,UPI,2020-12-15,Ohio,Cleveland,2020-12,Matthew Schroeder,CID-10559,PID-10559,LID-10559,DID-10559,2020-12,2020,12,4
OID-10560,3234,1274,10,Furniture,Tables,EMI,2023-09-14,California,San Francisco,2023-09,Leonard Gonzalez,CID-10560,PID-10560,LID-10560,DID-10560,2023-09,2023,9,3
OID-10561,3234,1274,10,Furniture,Tables,EMI,2020-04-29,New York,Buffalo,2020-04,Richard Lee,CID-10561,PID-10561,LID-10561,DID-10561,2020-04,2020,4,2
OID-10562,3234,1274,10,Furniture,Tables,EMI,2020-12-15,Ohio,Cleveland,2020-12,Matthew Schroeder,CID-10562,PID-10562,LID-10562,DID-10562,2020-12,2020,12,4
OID-10563,6200,2321,18,Furniture,Tables,Credit Card,2024-07-11,California,Los Angeles,2024-07,Marcus Flores,CID-10563,PID-10563,LID-10563,DID-10563,2024-07,2024,7,3
OID-10564,6200,2321,18,Furniture,Tables,Credit Card,2024-09-21,Florida,Miami,2024-09,Tonya Long,CID-10564,PID-10564,LID-10564,DID-10564,2024-09,2024,9,3
OID-10565,4470,413,13,Electronics,Laptops,UPI,2025-02-02,California,Los Angeles,2025-02,Michael Chambers,CID-10565,PID-10565,LID-10565,DID-10565,2025-02,2025,2,1
OID-10566,916,362,7,Office Supplies,Pens,UPI,2022-10-21,Illinois,Springfield,2022-10,Kaylee Glover,CID-10566,PID-10566,LID-10566,DID-10566,2022-10,2022,10,4
OID-10567,916,362,7,Office Supplies,Pens,UPI,2020-10-21,California,San Francisco,2020-10,Pamela Patterson,CID-10567,PID-10567,LID-10567,DID-10567,2020-10,2020,10,4
OID-10568,1165,302,20,Furniture,Sofas,UPI,2022-10-21,Illinois,Springfield,2022-10,Kaylee Glover,CID-10568,PID-10568,LID-10568,DID-10568,2022-10,2022,10,4
OID-10569,1165,302,20,Furniture,Sofas,UPI,2020-10-21,California,San Francisco,2020-10,Pamela Patterson,CID-10569,PID-10569,LID-10569,DID-10569,2020-10,2020,10,4
OID-10570,7846,677,12,Furniture,Chairs,UPI,2022-10-21,Illinois,Springfield,2022-10,Kaylee Glover,CID-10570,PID-10570,LID-10570,DID-10570,2022-10,2022,10,4
OID-10571,7846,677,12,Furniture,Chairs,UPI,2020-10-21,California,San Francisco,2020-10,Pamela Patterson,CID-10571,PID-10571,LID-10571,DID-10571,2020-10,2020,10,4
OID-10572,3022,384,1,Office Supplies,Pens,Credit Card,2022-01-11,Texas,Austin,2022-01,Ronald Mckinney,CID-10572,PID-10572,LID-10572,DID-10572,2022-01,2022,1,1
OID-10573,3022,384,1,Office Supplies,Pens,Credit Card,2021-02-17,Illinois,Chicago,2021-02,James Hart,CID-10573,PID-10573,LID-10573,DID-10573,2021-02,2021,2,1
OID-10574,5266,1111,13,Electronics,Electronic Games,Debit Card,2022-01-11,Texas,Austin,2022-01,Ronald Mckinney,CID-10574,PID-10574,LID-10574,DID-10574,2022-01,2022,1,1
OID-10575,5266,1111,13,Electronics,Electronic Games,Debit Card,2021-02-17,Illinois,Chicago,2021-02,James Hart,CID-10575,PID-10575,LID-10575,DID-10575,2021-02,2021,2,1
OID-10576,4853,1764,9,Office Supplies,Pens,Debit Card,2021-11-06,Florida,Orlando,2021-11,Rhonda Harris,CID-10576,PID-10576,LID-10576,DID-10576,2021-11,2021,11,4
OID-10577,4853,1764,9,Office Supplies,Pens,Debit Card,2022-08-30,Texas,Houston,2022-08,Randy Fisher,CID-10577,PID-10577,LID-10577,DID-10577,2022-08,2022,8,3
OID-10578,9832,1270,1,Office Supplies,Pens,COD,2022-10-07,California,San Francisco,2022-10,James Hernandez,CID-10578,PID-10578,LID-10578,DID-10578,2022-10,2022,10,4
OID-10579,796,153,15,Office Supplies,Pens,Credit Card,2022-10-07,California,San Francisco,2022-10,James Hernandez,CID-10579,PID-10579,LID-10579,DID-10579,2022-10,2022,10,4
OID-10580,883,127,7,Furniture,Chairs,COD,2023-06-04,California,San Francisco,2023-06,Brenda Murphy,CID-10580,PID-10580,LID-10580,DID-10580,2023-06,2023,6,2
OID-10581,4539,1155,8,Furniture,Bookcases,Debit Card,2023-06-04,California,San Francisco,2023-06,Brenda Murphy,CID-10581,PID-10581,LID-10581,DID-10581,2023-06,2023,6,2
OID-10582,9659,2226,16,Office Supplies,Binders,Debit Card,2023-06-04,California,San Francisco,2023-06,Brenda Murphy,CID-10582,PID-10582,LID-10582,DID-10582,2023-06,2023,6,2
OID-10583,9562,325,2,Electronics,Printers,Debit Card,2022-05-13,California,San Diego,2022-05,Andrew Kirby,CID-10583,PID-10583,LID-10583,DID-10583,2022-05,2022,5,2
OID-10584,4688,1841,3,Electronics,Laptops,Credit Card,2023-01-23,California,San Francisco,2023-01,Justin Thomas,CID-10584,PID-10584,LID-10584,DID-10584,2023-01,2023,1,1
OID-10585,4688,1841,3,Electronics,Laptops,Credit Card,2021-07-25,California,San Diego,2021-07,Jillian Johnson MD,CID-10585,PID-10585,LID-10585,DID-10585,2021-07,2021,7,3
OID-10586,7900,482,4,Electronics,Phones,COD,2025-03-08,Ohio,Columbus,2025-03,William Martin,CID-10586,PID-10586,LID-10586,DID-10586,2025-03,2025,3,1
OID-10587,6967,3257,17,Furniture,Bookcases,COD,2022-12-25,Ohio,Cincinnati,2022-12,Mark Dixon,CID-10587,PID-10587,LID-10587,DID-10587,2022-12,2022,12,4
OID-10588,1091,277,6,Office Supplies,Paper,COD,2022-12-25,Ohio,Cincinnati,2022-12,Mark Dixon,CID-10588,PID-10588,LID-10588,DID-10588,2022-12,2022,12,4
OID-10589,6027,1530,2,Office Supplies,Binders,Credit Card,2022-12-25,Ohio,Cincinnati,2022-12,Mark Dixon,CID-10589,PID-10589,LID-10589,DID-10589,2022-12,2022,12,4
OID-10590,4852,218,2,Furniture,Tables,EMI,2024-04-24,Texas,Dallas,2024-04,Alicia Allen,CID-10590,PID-10590,LID-10590,DID-10590,2024-04,2024,4,2
OID-10591,4852,218,2,Furniture,Tables,EMI,2021-12-24,Florida,Tampa,2021-12,Cynthia Meyer,CID-10591,PID-10591,LID-10591,DID-10591,2021-12,2021,12,4
OID-10592,4852,218,2,Furniture,Tables,EMI,2023-09-07,Illinois,Springfield,2023-09,Brandon Norton,CID-10592,PID-10592,LID-10592,DID-10592,2023-09,2023,9,3
OID-10593,4314,1453,6,Furniture,Sofas,COD,2021-08-10,Florida,Tampa,2021-08,Christina Scott,CID-10593,PID-10593,LID-10593,DID-10593,2021-08,2021,8,3
OID-10594,3288,1477,3,Office Supplies,Pens,EMI,2024-05-26,Texas,Austin,2024-05,Andrew Macias,CID-10594,PID-10594,LID-10594,DID-10594,2024-05,2024,5,2
OID-10595,3288,1477,3,Office Supplies,Pens,EMI,2022-02-19,Illinois,Springfield,2022-02,Alejandro Williams,CID-10595,PID-10595,LID-10595,DID-10595,2022-02,2022,2,1
OID-10596,3977,813,5,Office Supplies,Binders,Credit Card,2024-12-09,New York,New York City,2024-12,Mark Rodriguez,CID-10596,PID-10596,LID-10596,DID-10596,2024-12,2024,12,4
OID-10597,6252,1377,2,Electronics,Printers,EMI,2023-06-01,Illinois,Chicago,2023-06,Sarah Montgomery,CID-10597,PID-10597,LID-10597,DID-10597,2023-06,2023,6,2
OID-10598,9084,3253,12,Office Supplies,Pens,Debit Card,2023-11-05,New York,Buffalo,2023-11,Marisa Prince,CID-10598,PID-10598,LID-10598,DID-10598,2023-11,2023,11,4
OID-10599,8994,1481,15,Electronics,Phones,Credit Card,2020-06-21,California,San Diego,2020-06,James Bonilla,CID-10599,PID-10599,LID-10599,DID-10599,2020-06,2020,6,2
OID-10600,1089,176,16,Office Supplies,Markers,EMI,2020-10-26,Texas,Dallas,2020-10,Robin Myers,CID-10600,PID-10600,LID-10600,DID-10600,2020-10,2020,10,4
OID-10601,6690,1001,19,Office Supplies,Binders,UPI,2022-06-06,Illinois,Springfield,2022-06,Nancy Sanchez,CID-10601,PID-10601,LID-10601,DID-10601,2022-06,2022,6,2
OID-10602,6690,1001,19,Office Supplies,Binders,UPI,2021-11-13,Illinois,Chicago,2021-11,Sydney Walls,CID-10602,PID-10602,LID-10602,DID-10602,2021-11,2021,11,4
OID-10603,4985,1920,10,Furniture,Bookcases,Credit Card,2022-06-06,Illinois,Springfield,2022-06,Nancy Sanchez,CID-10603,PID-10603,LID-10603,DID-10603,2022-06,2022,6,2
OID-10604,4985,1920,10,Furniture,Bookcases,Credit Card,2021-11-13,Illinois,Chicago,2021-11,Sydney Walls,CID-10604,PID-10604,LID-10604,DID-10604,2021-11,2021,11,4
OID-10605,8590,3565,15,Electronics,Electronic Games,EMI,2021-11-11,Florida,Miami,2021-11,Deborah Hoffman,CID-10605,PID-10605,LID-10605,DID-10605,2021-11,2021,11,4
OID-10606,6973,3038,10,Furniture,Tables,COD,2021-11-11,Florida,Miami,2021-11,Deborah Hoffman,CID-10606,PID-10606,LID-10606,DID-10606,2021-11,2021,11,4
OID-10607,4591,1941,19,Electronics,Printers,EMI,2021-07-31,Texas,Dallas,2021-07,Megan Williams,CID-10607,PID-10607,LID-10607,DID-10607,2021-07,2021,7,3
OID-10608,9612,2572,17,Office Supplies,Pens,Credit Card,2021-07-31,Texas,Dallas,2021-07,Megan Williams,CID-10608,PID-10608,LID-10608,DID-10608,2021-07,2021,7,3
OID-10609,5343,655,1,Furniture,Chairs,EMI,2024-04-13,California,San Diego,2024-04,Shane Clark,CID-10609,PID-10609,LID-10609,DID-10609,2024-04,2024,4,2
OID-10610,6956,318,20,Office Supplies,Markers,Debit Card,2022-04-19,Illinois,Springfield,2022-04,Steven Haynes,CID-10610,PID-10610,LID-10610,DID-10610,2022-04,2022,4,2
OID-10611,5306,2405,17,Furniture,Tables,EMI,2024-03-23,New York,Buffalo,2024-03,Kimberly Fuller,CID-10611,PID-10611,LID-10611,DID-10611,2024-03,2024,3,1
OID-10612,8982,448,17,Furniture,Sofas,UPI,2021-05-07,New York,New York City,2021-05,Angela Lyons,CID-10612,PID-10612,LID-10612,DID-10612,2021-05,2021,5,2
OID-10613,4826,562,5,Office Supplies,Paper,Debit Card,2021-05-07,New York,New York City,2021-05,Angela Lyons,CID-10613,PID-10613,LID-10613,DID-10613,2021-05,2021,5,2
OID-10614,972,106,15,Office Supplies,Pens,EMI,2022-05-06,Ohio,Cincinnati,2022-05,Betty Tucker,CID-10614,PID-10614,LID-10614,DID-10614,2022-05,2022,5,2
OID-10615,3665,802,4,Office Supplies,Markers,Credit Card,2021-08-09,Florida,Miami,2021-08,Brianna Hunt,CID-10615,PID-10615,LID-10615,DID-10615,2021-08,2021,8,3
OID-10616,3665,802,4,Office Supplies,Markers,Credit Card,2025-02-09,Florida,Tampa,2025-02,Cathy Clark,CID-10616,PID-10616,LID-10616,DID-10616,2025-02,2025,2,1
OID-10617,9808,2117,2,Office Supplies,Pens,UPI,2024-04-23,California,Los Angeles,2024-04,Nicole Warren,CID-10617,PID-10617,LID-10617,DID-10617,2024-04,2024,4,2
OID-10618,1133,73,17,Furniture,Chairs,UPI,2023-02-23,Ohio,Cleveland,2023-02,Richard Castaneda,CID-10618,PID-10618,LID-10618,DID-10618,2023-02,2023,2,1
OID-10619,1133,73,17,Furniture,Chairs,UPI,2024-06-06,California,San Diego,2024-06,Sarah Torres,CID-10619,PID-10619,LID-10619,DID-10619,2024-06,2024,6,2
OID-10620,6248,1168,19,Furniture,Bookcases,COD,2023-02-23,Ohio,Cleveland,2023-02,Richard Castaneda,CID-10620,PID-10620,LID-10620,DID-10620,2023-02,2023,2,1
OID-10621,6248,1168,19,Furniture,Bookcases,COD,2024-06-06,California,San Diego,2024-06,Sarah Torres,CID-10621,PID-10621,LID-10621,DID-10621,2024-06,2024,6,2
OID-10622,5666,2733,17,Electronics,Electronic Games,Credit Card,2025-01-27,Florida,Tampa,2025-01,Vanessa Deleon,CID-10622,PID-10622,LID-10622,DID-10622,2025-01,2025,1,1
OID-10623,4171,1450,18,Office Supplies,Markers,COD,2023-04-07,Texas,Dallas,2023-04,Richard Lyons,CID-10623,PID-10623,LID-10623,DID-10623,2023-04,2023,4,2
OID-10624,6236,2839,7,Electronics,Printers,Credit Card,2022-01-20,Illinois,Springfield,2022-01,Eric Adams,CID-10624,PID-10624,LID-10624,DID-10624,2022-01,2022,1,1
OID-10625,6236,2839,7,Electronics,Printers,Credit Card,2022-05-10,Florida,Orlando,2022-05,Chad Brown,CID-10625,PID-10625,LID-10625,DID-10625,2022-05,2022,5,2
OID-10626,5410,2456,8,Furniture,Chairs,Credit Card,2024-05-29,California,Los Angeles,2024-05,Kayla Becker,CID-10626,PID-10626,LID-10626,DID-10626,2024-05,2024,5,2
OID-10627,5410,2456,8,Furniture,Chairs,Credit Card,2022-01-04,Florida,Tampa,2022-01,Ashley Freeman,CID-10627,PID-10627,LID-10627,DID-10627,2022-01,2022,1,1
OID-10628,3024,1353,1,Furniture,Sofas,Credit Card,2024-05-02,California,Los Angeles,2024-05,Scott Harris,CID-10628,PID-10628,LID-10628,DID-10628,2024-05,2024,5,2
OID-10629,3024,1353,1,Furniture,Sofas,Credit Card,2021-12-28,Ohio,Columbus,2021-12,John James,CID-10629,PID-10629,LID-10629,DID-10629,2021-12,2021,12,4
OID-10630,7434,2851,5,Office Supplies,Markers,UPI,2022-12-12,Illinois,Springfield,2022-12,Jesse Bond,CID-10630,PID-10630,LID-10630,DID-10630,2022-12,2022,12,4
OID-10631,7213,508,19,Electronics,Electronic Games,Debit Card,2023-08-17,Texas,Dallas,2023-08,Brandon Hughes,CID-10631,PID-10631,LID-10631,DID-10631,2023-08,2023,8,3
OID-10632,7213,508,19,Electronics,Electronic Games,Debit Card,2021-11-29,Ohio,Cincinnati,2021-11,Lynn Reynolds,CID-10632,PID-10632,LID-10632,DID-10632,2021-11,2021,11,4
OID-10633,3176,586,9,Furniture,Tables,EMI,2023-08-17,Texas,Dallas,2023-08,Brandon Hughes,CID-10633,PID-10633,LID-10633,DID-10633,2023-08,2023,8,3
OID-10634,3176,586,9,Furniture,Tables,EMI,2021-11-29,Ohio,Cincinnati,2021-11,Lynn Reynolds,CID-10634,PID-10634,LID-10634,DID-10634,2021-11,2021,11,4
OID-10635,9144,2220,18,Office Supplies,Binders,Credit Card,2021-06-13,Florida,Miami,2021-06,Ronald Good,CID-10635,PID-10635,LID-10635,DID-10635,2021-06,2021,6,2
OID-10636,4146,865,19,Furniture,Tables,EMI,2022-07-04,Texas,Houston,2022-07,Kyle Baker,CID-10636,PID-10636,LID-10636,DID-10636,2022-07,2022,7,3
OID-10637,3793,875,7,Furniture,Tables,EMI,2022-07-04,Texas,Houston,2022-07,Kyle Baker,CID-10637,PID-10637,LID-10637,DID-10637,2022-07,2022,7,3
OID-10638,7169,2385,11,Furniture,Sofas,COD,2021-06-27,California,Los Angeles,2021-06,Michael Rivera,CID-10638,PID-10638,LID-10638,DID-10638,2021-06,2021,6,2
OID-10639,4046,417,18,Furniture,Chairs,Credit Card,2021-06-27,California,Los Angeles,2021-06,Michael Rivera,CID-10639,PID-10639,LID-10639,DID-10639,2021-06,2021,6,2
OID-10640,4164,905,11,Electronics,Phones,COD,2023-12-04,California,San Diego,2023-12,Lori Adkins,CID-10640,PID-10640,LID-10640,DID-10640,2023-12,2023,12,4
OID-10641,5389,2196,5,Furniture,Tables,UPI,2023-12-04,California,San Diego,2023-12,Lori Adkins,CID-10641,PID-10641,LID-10641,DID-10641,2023-12,2023,12,4
OID-10642,5448,2204,5,Furniture,Sofas,COD,2022-08-09,New York,New York City,2022-08,Luis Warner,CID-10642,PID-10642,LID-10642,DID-10642,2022-08,2022,8,3
OID-10643,4115,1285,1,Furniture,Sofas,UPI,2020-04-08,Florida,Orlando,2020-04,Donald Perry,CID-10643,PID-10643,LID-10643,DID-10643,2020-04,2020,4,2
OID-10644,4761,2231,12,Furniture,Tables,UPI,2020-04-08,Florida,Orlando,2020-04,Donald Perry,CID-10644,PID-10644,LID-10644,DID-10644,2020-04,2020,4,2
OID-10645,5899,2264,6,Office Supplies,Binders,EMI,2023-10-20,New York,Buffalo,2023-10,Adam Stevens,CID-10645,PID-10645,LID-10645,DID-10645,2023-10,2023,10,4
OID-10646,6109,3040,9,Furniture,Chairs,EMI,2022-02-10,New York,Buffalo,2022-02,Kimberly Johnson,CID-10646,PID-10646,LID-10646,DID-10646,2022-02,2022,2,1
OID-10647,6109,3040,9,Furniture,Chairs,EMI,2023-10-05,New York,Rochester,2023-10,Kelly Jones,CID-10647,PID-10647,LID-10647,DID-10647,2023-10,2023,10,4
OID-10648,4628,1491,17,Electronics,Electronic Games,UPI,2022-02-10,New York,Buffalo,2022-02,Kimberly Johnson,CID-10648,PID-10648,LID-10648,DID-10648,2022-02,2022,2,1
OID-10649,4628,1491,17,Electronics,Electronic Games,UPI,2023-10-05,New York,Rochester,2023-10,Kelly Jones,CID-10649,PID-10649,LID-10649,DID-10649,2023-10,2023,10,4
OID-10650,4369,584,13,Office Supplies,Pens,Credit Card,2022-09-22,Illinois,Peoria,2022-09,Ashley Petty,CID-10650,PID-10650,LID-10650,DID-10650,2022-09,2022,9,3
OID-10651,4369,584,13,Office Supplies,Pens,Credit Card,2021-04-03,Texas,Austin,2021-04,Crystal Ross,CID-10651,PID-10651,LID-10651,DID-10651,2021-04,2021,4,2
OID-10652,5632,2358,20,Furniture,Sofas,Credit Card,2021-05-03,California,Los Angeles,2021-05,Alexis Duffy,CID-10652,PID-10652,LID-10652,DID-10652,2021-05,2021,5,2
OID-10653,5632,2358,20,Furniture,Sofas,Credit Card,2024-02-11,Florida,Miami,2024-02,Stephanie Sanchez,CID-10653,PID-10653,LID-10653,DID-10653,2024-02,2024,2,1
OID-10654,5632,2358,20,Furniture,Sofas,Credit Card,2025-02-04,Ohio,Cleveland,2025-02,Reginald Espinoza,CID-10654,PID-10654,LID-10654,DID-10654,2025-02,2025,2,1
OID-10655,7519,402,14,Office Supplies,Paper,UPI,2022-10-12,California,San Diego,2022-10,Sandra Hicks,CID-10655,PID-10655,LID-10655,DID-10655,2022-10,2022,10,4
OID-10656,1564,674,13,Electronics,Electronic Games,Debit Card,2022-10-12,California,San Diego,2022-10,Sandra Hicks,CID-10656,PID-10656,LID-10656,DID-10656,2022-10,2022,10,4
OID-10657,2804,936,10,Electronics,Electronic Games,Credit Card,2022-02-06,Texas,Austin,2022-02,Olivia Orozco,CID-10657,PID-10657,LID-10657,DID-10657,2022-02,2022,2,1
OID-10658,2804,936,10,Electronics,Electronic Games,Credit Card,2020-11-09,Florida,Tampa,2020-11,Larry Moore,CID-10658,PID-10658,LID-10658,DID-10658,2020-11,2020,11,4
OID-10659,2804,936,10,Electronics,Electronic Games,Credit Card,2023-05-03,Florida,Tampa,2023-05,Mrs. Rachel Cannon DDS,CID-10659,PID-10659,LID-10659,DID-10659,2023-05,2023,5,2
OID-10660,2321,505,6,Furniture,Chairs,EMI,2022-10-04,Illinois,Springfield,2022-10,Daniel Flowers,CID-10660,PID-10660,LID-10660,DID-10660,2022-10,2022,10,4
OID-10661,5730,482,6,Electronics,Laptops,COD,2024-08-21,Florida,Tampa,2024-08,Randy Acosta,CID-10661,PID-10661,LID-10661,DID-10661,2024-08,2024,8,3
OID-10662,7441,867,12,Furniture,Sofas,COD,2021-11-20,Illinois,Chicago,2021-11,Deborah Williams,CID-10662,PID-10662,LID-10662,DID-10662,2021-11,2021,11,4
OID-10663,7441,867,12,Furniture,Sofas,COD,2020-05-13,Texas,Austin,2020-05,Robert Michael,CID-10663,PID-10663,LID-10663,DID-10663,2020-05,2020,5,2
OID-10664,1732,766,7,Office Supplies,Binders,UPI,2023-02-28,New York,New York City,2023-02,Danny Ramirez,CID-10664,PID-10664,LID-10664,DID-10664,2023-02,2023,2,1
OID-10665,8788,3944,19,Office Supplies,Paper,EMI,2023-02-28,New York,New York City,2023-02,Danny Ramirez,CID-10665,PID-10665,LID-10665,DID-10665,2023-02,2023,2,1
OID-10666,838,271,11,Office Supplies,Markers,EMI,2021-01-21,Ohio,Columbus,2021-01,Stephen Baker,CID-10666,PID-10666,LID-10666,DID-10666,2021-01,2021,1,1
OID-10667,838,271,11,Office Supplies,Markers,EMI,2022-02-28,Illinois,Peoria,2022-02,Jeffrey Wilcox,CID-10667,PID-10667,LID-10667,DID-10667,2022-02,2022,2,1
OID-10668,3577,699,2,Furniture,Tables,UPI,2021-01-21,Ohio,Columbus,2021-01,Stephen Baker,CID-10668,PID-10668,LID-10668,DID-10668,2021-01,2021,1,1
OID-10669,3577,699,2,Furniture,Tables,UPI,2022-02-28,Illinois,Peoria,2022-02,Jeffrey Wilcox,CID-10669,PID-10669,LID-10669,DID-10669,2022-02,2022,2,1
OID-10670,7122,1836,6,Electronics,Phones,Debit Card,2024-04-25,Texas,Dallas,2024-04,James Clarke,CID-10670,PID-10670,LID-10670,DID-10670,2024-04,2024,4,2
OID-10671,7122,1836,6,Electronics,Phones,Debit Card,2023-03-10,Texas,Houston,2023-03,Julia Gallagher,CID-10671,PID-10671,LID-10671,DID-10671,2023-03,2023,3,1
OID-10672,7122,1836,6,Electronics,Phones,Debit Card,2023-07-10,New York,New York City,2023-07,Ronald Frey Jr.,CID-10672,PID-10672,LID-10672,DID-10672,2023-07,2023,7,3
OID-10673,7327,2596,15,Office Supplies,Markers,Credit Card,2024-04-25,Texas,Dallas,2024-04,James Clarke,CID-10673,PID-10673,LID-10673,DID-10673,2024-04,2024,4,2
OID-10674,7327,2596,15,Office Supplies,Markers,Credit Card,2023-03-10,Texas,Houston,2023-03,Julia Gallagher,CID-10674,PID-10674,LID-10674,DID-10674,2023-03,2023,3,1
OID-10675,7327,2596,15,Office Supplies,Markers,Credit Card,2023-07-10,New York,New York City,2023-07,Ronald Frey Jr.,CID-10675,PID-10675,LID-10675,DID-10675,2023-07,2023,7,3
OID-10676,2239,1094,18,Electronics,Printers,COD,2024-07-28,Florida,Tampa,2024-07,Megan Charles,CID-10676,PID-10676,LID-10676,DID-10676,2024-07,2024,7,3
OID-10677,4932,1153,1,Office Supplies,Markers,COD,2024-07-28,Florida,Tampa,2024-07,Megan Charles,CID-10677,PID-10677,LID-10677,DID-10677,2024-07,2024,7,3
OID-10678,4609,1084,8,Electronics,Printers,UPI,2023-07-30,Florida,Orlando,2023-07,Amy Duran MD,CID-10678,PID-10678,LID-10678,DID-10678,2023-07,2023,7,3
OID-10679,2328,788,4,Office Supplies,Paper,UPI,2023-07-30,Florida,Orlando,2023-07,Amy Duran MD,CID-10679,PID-10679,LID-10679,DID-10679,2023-07,2023,7,3
OID-10680,4734,958,7,Electronics,Printers,Debit Card,2023-07-30,Florida,Orlando,2023-07,Amy Duran MD,CID-10680,PID-10680,LID-10680,DID-10680,2023-07,2023,7,3
OID-10681,1388,345,5,Furniture,Sofas,UPI,2024-10-05,New York,New York City,2024-10,Christopher Thomas,CID-10681,PID-10681,LID-10681,DID-10681,2024-10,2024,10,4
OID-10682,8555,1638,8,Electronics,Laptops,Credit Card,2024-10-05,New York,New York City,2024-10,Christopher Thomas,CID-10682,PID-10682,LID-10682,DID-10682,2024-10,2024,10,4
OID-10683,9024,730,4,Furniture,Tables,Credit Card,2024-02-20,Texas,Dallas,2024-02,Peter Castro,CID-10683,PID-10683,LID-10683,DID-10683,2024-02,2024,2,1
OID-10684,2468,418,4,Electronics,Laptops,Credit Card,2024-02-20,Texas,Dallas,2024-02,Peter Castro,CID-10684,PID-10684,LID-10684,DID-10684,2024-02,2024,2,1
OID-10685,9438,1801,4,Electronics,Electronic Games,COD,2023-04-19,Florida,Orlando,2023-04,Steven Acosta,CID-10685,PID-10685,LID-10685,DID-10685,2023-04,2023,4,2
OID-10686,9438,1801,4,Electronics,Electronic Games,COD,2023-10-29,Texas,Austin,2023-10,Lindsay Jackson,CID-10686,PID-10686,LID-10686,DID-10686,2023-10,2023,10,4
OID-10687,2685,379,18,Electronics,Phones,UPI,2022-03-08,Ohio,Cleveland,2022-03,Kelly Smith,CID-10687,PID-10687,LID-10687,DID-10687,2022-03,2022,3,1
OID-10688,2685,379,18,Electronics,Phones,UPI,2022-12-08,Florida,Tampa,2022-12,Sabrina Hartman,CID-10688,PID-10688,LID-10688,DID-10688,2022-12,2022,12,4
OID-10689,9916,4602,14,Furniture,Chairs,UPI,2022-03-08,Ohio,Cleveland,2022-03,Kelly Smith,CID-10689,PID-10689,LID-10689,DID-10689,2022-03,2022,3,1
OID-10690,9916,4602,14,Furniture,Chairs,UPI,2022-12-08,Florida,Tampa,2022-12,Sabrina Hartman,CID-10690,PID-10690,LID-10690,DID-10690,2022-12,2022,12,4
OID-10691,6184,50,14,Electronics,Electronic Games,Credit Card,2022-03-08,Ohio,Cleveland,2022-03,Kelly Smith,CID-10691,PID-10691,LID-10691,DID-10691,2022-03,2022,3,1
OID-10692,6184,50,14,Electronics,Electronic Games,Credit Card,2022-12-08,Florida,Tampa,2022-12,Sabrina Hartman,CID-10692,PID-10692,LID-10692,DID-10692,2022-12,2022,12,4
OID-10693,4548,2135,8,Office Supplies,Markers,Debit Card,2022-03-08,Ohio,Cleveland,2022-03,Kelly Smith,CID-10693,PID-10693,LID-10693,DID-10693,2022-03,2022,3,1
OID-10694,4548,2135,8,Office Supplies,Markers,Debit Card,2022-12-08,Florida,Tampa,2022-12,Sabrina Hartman,CID-10694,PID-10694,LID-10694,DID-10694,2022-12,2022,12,4
OID-10695,7195,1665,7,Office Supplies,Markers,COD,2024-07-27,New York,Rochester,2024-07,Cynthia Smith,CID-10695,PID-10695,LID-10695,DID-10695,2024-07,2024,7,3
OID-10696,7195,1665,7,Office Supplies,Markers,COD,2022-07-05,New York,Buffalo,2022-07,Olivia Dickerson,CID-10696,PID-10696,LID-10696,DID-10696,2022-07,2022,7,3
OID-10697,3098,957,18,Furniture,Bookcases,COD,2024-07-04,Texas,Austin,2024-07,Whitney Stout,CID-10697,PID-10697,LID-10697,DID-10697,2024-07,2024,7,3
OID-10698,5412,1192,18,Furniture,Tables,Credit Card,2024-02-28,California,San Diego,2024-02,Stephanie Flores,CID-10698,PID-10698,LID-10698,DID-10698,2024-02,2024,2,1
OID-10699,5412,1192,18,Furniture,Tables,Credit Card,2025-01-03,California,Los Angeles,2025-01,Gregory English,CID-10699,PID-10699,LID-10699,DID-10699,2025-01,2025,1,1
OID-10700,1397,686,11,Furniture,Chairs,Credit Card,2021-12-07,New York,New York City,2021-12,Natalie Maxwell,CID-10700,PID-10700,LID-10700,DID-10700,2021-12,2021,12,4
OID-10701,9279,552,14,Furniture,Chairs,EMI,2021-12-14,New York,Buffalo,2021-12,Tina Blake,CID-10701,PID-10701,LID-10701,DID-10701,2021-12,2021,12,4
OID-10702,9279,552,14,Furniture,Chairs,EMI,2020-11-30,California,San Francisco,2020-11,Clarence Cooke,CID-10702,PID-10702,LID-10702,DID-10702,2020-11,2020,11,4
OID-10703,2596,1003,19,Office Supplies,Paper,Credit Card,2021-12-14,New York,Buffalo,2021-12,Tina Blake,CID-10703,PID-10703,LID-10703,DID-10703,2021-12,2021,12,4
OID-10704,2596,1003,19,Office Supplies,Paper,Credit Card,2020-11-30,California,San Francisco,2020-11,Clarence Cooke,CID-10704,PID-10704,LID-10704,DID-10704,2020-11,2020,11,4
OID-10705,6732,911,19,Furniture,Bookcases,EMI,2021-12-29,New York,Buffalo,2021-12,Tamara Guzman,CID-10705,PID-10705,LID-10705,DID-10705,2021-12,2021,12,4
OID-10706,4495,1408,14,Office Supplies,Pens,EMI,2021-12-29,New York,Buffalo,2021-12,Tamara Guzman,CID-10706,PID-10706,LID-10706,DID-10706,2021-12,2021,12,4
OID-10707,9653,2471,6,Office Supplies,Paper,UPI,2024-07-08,New York,Buffalo,2024-07,Marissa Hartman,CID-10707,PID-10707,LID-10707,DID-10707,2024-07,2024,7,3
OID-10708,8945,1728,10,Furniture,Tables,UPI,2021-02-10,Illinois,Peoria,2021-02,Sara Garcia,CID-10708,PID-10708,LID-10708,DID-10708,2021-02,2021,2,1
OID-10709,4007,201,13,Furniture,Bookcases,COD,2020-10-21,Ohio,Columbus,2020-10,Kathryn Rogers,CID-10709,PID-10709,LID-10709,DID-10709,2020-10,2020,10,4
OID-10710,4007,201,13,Furniture,Bookcases,COD,2023-04-17,Texas,Dallas,2023-04,Kyle Dickson,CID-10710,PID-10710,LID-10710,DID-10710,2023-04,2023,4,2
OID-10711,810,231,18,Furniture,Bookcases,EMI,2020-10-21,Florida,Tampa,2020-10,Jacob Decker,CID-10711,PID-10711,LID-10711,DID-10711,2020-10,2020,10,4
OID-10712,9789,2071,18,Furniture,Bookcases,Debit Card,2023-12-28,New York,Rochester,2023-12,Aaron Johnson,CID-10712,PID-10712,LID-10712,DID-10712,2023-12,2023,12,4
OID-10713,9229,4090,8,Electronics,Electronic Games,COD,2023-12-28,New York,Rochester,2023-12,Aaron Johnson,CID-10713,PID-10713,LID-10713,DID-10713,2023-12,2023,12,4
OID-10714,8141,3968,18,Office Supplies,Markers,Debit Card,2022-12-23,New York,Rochester,2022-12,William Morse,CID-10714,PID-10714,LID-10714,DID-10714,2022-12,2022,12,4
OID-10715,8141,3968,18,Office Supplies,Markers,Debit Card,2022-08-10,Illinois,Peoria,2022-08,Carrie Smith,CID-10715,PID-10715,LID-10715,DID-10715,2022-08,2022,8,3
OID-10716,1067,251,14,Furniture,Sofas,EMI,2022-12-23,New York,Rochester,2022-12,William Morse,CID-10716,PID-10716,LID-10716,DID-10716,2022-12,2022,12,4
OID-10717,1067,251,14,Furniture,Sofas,EMI,2022-08-10,Illinois,Peoria,2022-08,Carrie Smith,CID-10717,PID-10717,LID-10717,DID-10717,2022-08,2022,8,3
OID-10718,3839,1415,10,Office Supplies,Binders,UPI,2023-10-17,California,Los Angeles,2023-10,Vincent Roth,CID-10718,PID-10718,LID-10718,DID-10718,2023-10,2023,10,4
OID-10719,3839,1415,10,Office Supplies,Binders,UPI,2022-02-28,Florida,Orlando,2022-02,Andrew Benson,CID-10719,PID-10719,LID-10719,DID-10719,2022-02,2022,2,1
OID-10720,2858,482,13,Electronics,Electronic Games,COD,2024-05-24,Texas,Austin,2024-05,Jason Wilson,CID-10720,PID-10720,LID-10720,DID-10720,2024-05,2024,5,2
OID-10721,2137,638,12,Furniture,Bookcases,Debit Card,2020-10-02,New York,New York City,2020-10,Colin Patterson,CID-10721,PID-10721,LID-10721,DID-10721,2020-10,2020,10,4
OID-10722,2831,1289,12,Furniture,Chairs,Debit Card,2020-10-02,New York,New York City,2020-10,Colin Patterson,CID-10722,PID-10722,LID-10722,DID-10722,2020-10,2020,10,4
OID-10723,3913,961,15,Furniture,Sofas,UPI,2024-02-10,Ohio,Columbus,2024-02,Eric Bates,CID-10723,PID-10723,LID-10723,DID-10723,2024-02,2024,2,1
OID-10724,3913,961,15,Furniture,Sofas,UPI,2021-02-06,California,San Francisco,2021-02,Steven Keith,CID-10724,PID-10724,LID-10724,DID-10724,2021-02,2021,2,1
OID-10725,4468,1940,9,Office Supplies,Paper,COD,2022-03-16,Florida,Tampa,2022-03,Seth Rodriguez,CID-10725,PID-10725,LID-10725,DID-10725,2022-03,2022,3,1
OID-10726,1579,602,9,Electronics,Laptops,Credit Card,2020-05-24,Ohio,Cincinnati,2020-05,Lauren Jones,CID-10726,PID-10726,LID-10726,DID-10726,2020-05,2020,5,2
OID-10727,1579,602,9,Electronics,Laptops,Credit Card,2025-02-16,Texas,Dallas,2025-02,Thomas Wallace,CID-10727,PID-10727,LID-10727,DID-10727,2025-02,2025,2,1
OID-10728,1579,602,9,Electronics,Laptops,Credit Card,2021-11-16,Ohio,Cincinnati,2021-11,Mr. Daniel Wilson,CID-10728,PID-10728,LID-10728,DID-10728,2021-11,2021,11,4
OID-10729,1579,602,9,Electronics,Laptops,Credit Card,2024-09-08,New York,Rochester,2024-09,Julie Smith MD,CID-10729,PID-10729,LID-10729,DID-10729,2024-09,2024,9,3
OID-10730,3760,1849,19,Furniture,Chairs,EMI,2020-05-24,Ohio,Cincinnati,2020-05,Lauren Jones,CID-10730,PID-10730,LID-10730,DID-10730,2020-05,2020,5,2
OID-10731,3760,1849,19,Furniture,Chairs,EMI,2025-02-16,Texas,Dallas,2025-02,Thomas Wallace,CID-10731,PID-10731,LID-10731,DID-10731,2025-02,2025,2,1
OID-10732,3760,1849,19,Furniture,Chairs,EMI,2021-11-16,Ohio,Cincinnati,2021-11,Mr. Daniel Wilson,CID-10732,PID-10732,LID-10732,DID-10732,2021-11,2021,11,4
OID-10733,3760,1849,19,Furniture,Chairs,EMI,2024-09-08,New York,Rochester,2024-09,Julie Smith MD,CID-10733,PID-10733,LID-10733,DID-10733,2024-09,2024,9,3
OID-10734,8706,3099,14,Office Supplies,Pens,Credit Card,2022-06-29,Illinois,Chicago,2022-06,Carol Mitchell,CID-10734,PID-10734,LID-10734,DID-10734,2022-06,2022,6,2
OID-10735,4708,696,14,Electronics,Electronic Games,Credit Card,2022-06-29,Illinois,Chicago,2022-06,Carol Mitchell,CID-10735,PID-10735,LID-10735,DID-10735,2022-06,2022,6,2
OID-10736,8089,3132,17,Furniture,Chairs,COD,2022-06-29,Illinois,Chicago,2022-06,Carol Mitchell,CID-10736,PID-10736,LID-10736,DID-10736,2022-06,2022,6,2
OID-10737,5462,673,12,Electronics,Printers,Debit Card,2022-11-03,Texas,Austin,2022-11,John Thompson,CID-10737,PID-10737,LID-10737,DID-10737,2022-11,2022,11,4
OID-10738,6392,444,18,Electronics,Electronic Games,Credit Card,2023-11-28,Florida,Tampa,2023-11,Debra Rodriguez,CID-10738,PID-10738,LID-10738,DID-10738,2023-11,2023,11,4
OID-10739,8706,1724,3,Electronics,Electronic Games,Debit Card,2020-04-25,Florida,Orlando,2020-04,Erin Vasquez,CID-10739,PID-10739,LID-10739,DID-10739,2020-04,2020,4,2
OID-10740,2349,319,4,Office Supplies,Pens,UPI,2022-01-18,Florida,Miami,2022-01,Clayton Lara,CID-10740,PID-10740,LID-10740,DID-10740,2022-01,2022,1,1
OID-10741,8220,3882,14,Furniture,Chairs,UPI,2022-01-18,Florida,Miami,2022-01,Clayton Lara,CID-10741,PID-10741,LID-10741,DID-10741,2022-01,2022,1,1
OID-10742,2379,279,7,Furniture,Chairs,Debit Card,2022-01-18,Florida,Miami,2022-01,Clayton Lara,CID-10742,PID-10742,LID-10742,DID-10742,2022-01,2022,1,1
OID-10743,7377,2049,4,Office Supplies,Markers,UPI,2022-01-18,Florida,Miami,2022-01,Clayton Lara,CID-10743,PID-10743,LID-10743,DID-10743,2022-01,2022,1,1
OID-10744,717,158,16,Furniture,Tables,Credit Card,2022-03-23,Ohio,Cleveland,2022-03,Tony Ray,CID-10744,PID-10744,LID-10744,DID-10744,2022-03,2022,3,1
OID-10745,717,158,16,Furniture,Tables,Credit Card,2020-06-24,Florida,Miami,2020-06,Steven Frey,CID-10745,PID-10745,LID-10745,DID-10745,2020-06,2020,6,2
OID-10746,717,158,16,Furniture,Tables,Credit Card,2022-12-23,New York,Buffalo,2022-12,Stephanie Leonard,CID-10746,PID-10746,LID-10746,DID-10746,2022-12,2022,12,4
OID-10747,717,158,16,Furniture,Tables,Credit Card,2024-11-24,New York,New York City,2024-11,Crystal Chambers,CID-10747,PID-10747,LID-10747,DID-10747,2024-11,2024,11,4
OID-10748,717,158,16,Furniture,Tables,Credit Card,2020-11-06,Florida,Orlando,2020-11,Robert White,CID-10748,PID-10748,LID-10748,DID-10748,2020-11,2020,11,4
OID-10749,717,158,16,Furniture,Tables,Credit Card,2023-10-24,New York,Rochester,2023-10,Sylvia Barron,CID-10749,PID-10749,LID-10749,DID-10749,2023-10,2023,10,4
OID-10750,508,177,17,Furniture,Sofas,UPI,2022-03-23,Ohio,Cleveland,2022-03,Tony Ray,CID-10750,PID-10750,LID-10750,DID-10750,2022-03,2022,3,1
OID-10751,508,177,17,Furniture,Sofas,UPI,2020-06-24,Florida,Miami,2020-06,Steven Frey,CID-10751,PID-10751,LID-10751,DID-10751,2020-06,2020,6,2
OID-10752,508,177,17,Furniture,Sofas,UPI,2022-12-23,New York,Buffalo,2022-12,Stephanie Leonard,CID-10752,PID-10752,LID-10752,DID-10752,2022-12,2022,12,4
OID-10753,508,177,17,Furniture,Sofas,UPI,2024-11-24,New York,New York City,2024-11,Crystal Chambers,CID-10753,PID-10753,LID-10753,DID-10753,2024-11,2024,11,4
OID-10754,508,177,17,Furniture,Sofas,UPI,2020-11-06,Florida,Orlando,2020-11,Robert White,CID-10754,PID-10754,LID-10754,DID-10754,2020-11,2020,11,4
OID-10755,508,177,17,Furniture,Sofas,UPI,2023-10-24,New York,Rochester,2023-10,Sylvia Barron,CID-10755,PID-10755,LID-10755,DID-10755,2023-10,2023,10,4
OID-10756,9382,1085,3,Electronics,Printers,Debit Card,2023-07-18,Illinois,Chicago,2023-07,Marcus Brown,CID-10756,PID-10756,LID-10756,DID-10756,2023-07,2023,7,3
OID-10757,9382,1085,3,Electronics,Printers,Debit Card,2022-05-16,New York,Rochester,2022-05,Annette Pierce,CID-10757,PID-10757,LID-10757,DID-10757,2022-05,2022,5,2
OID-10758,4936,576,19,Furniture,Tables,COD,2023-07-18,Illinois,Chicago,2023-07,Marcus Brown,CID-10758,PID-10758,LID-10758,DID-10758,2023-07,2023,7,3
OID-10759,4936,576,19,Furniture,Tables,COD,2022-05-16,New York,Rochester,2022-05,Annette Pierce,CID-10759,PID-10759,LID-10759,DID-10759,2022-05,2022,5,2
OID-10760,2663,64,19,Furniture,Sofas,COD,2024-06-16,California,San Francisco,2024-06,Donald Hernandez,CID-10760,PID-10760,LID-10760,DID-10760,2024-06,2024,6,2
OID-10761,2663,64,19,Furniture,Sofas,COD,2021-10-23,Ohio,Cleveland,2021-10,Megan Davis,CID-10761,PID-10761,LID-10761,DID-10761,2021-10,2021,10,4
OID-10762,5151,1680,5,Electronics,Printers,EMI,2022-10-22,Texas,Houston,2022-10,Robert Brooks,CID-10762,PID-10762,LID-10762,DID-10762,2022-10,2022,10,4
OID-10763,2514,95,8,Office Supplies,Pens,UPI,2023-07-17,New York,Rochester,2023-07,Miguel Alvarez,CID-10763,PID-10763,LID-10763,DID-10763,2023-07,2023,7,3
OID-10764,6129,2976,2,Electronics,Laptops,EMI,2025-02-24,New York,New York City,2025-02,Jennifer Arnold,CID-10764,PID-10764,LID-10764,DID-10764,2025-02,2025,2,1
OID-10765,4395,1663,3,Furniture,Bookcases,COD,2025-02-24,New York,New York City,2025-02,Jennifer Arnold,CID-10765,PID-10765,LID-10765,DID-10765,2025-02,2025,2,1
OID-10766,5393,2642,8,Furniture,Chairs,UPI,2021-03-07,Ohio,Cincinnati,2021-03,Jessica Blankenship,CID-10766,PID-10766,LID-10766,DID-10766,2021-03,2021,3,1
OID-10767,2280,509,8,Electronics,Phones,Credit Card,2021-01-03,New York,Buffalo,2021-01,Peggy Campos,CID-10767,PID-10767,LID-10767,DID-10767,2021-01,2021,1,1
OID-10768,6596,1439,9,Office Supplies,Paper,Debit Card,2023-05-03,Ohio,Cincinnati,2023-05,Craig Ortega,CID-10768,PID-10768,LID-10768,DID-10768,2023-05,2023,5,2
OID-10769,4510,1896,5,Office Supplies,Paper,EMI,2023-10-25,California,Los Angeles,2023-10,Johnny Simon,CID-10769,PID-10769,LID-10769,DID-10769,2023-10,2023,10,4
OID-10770,6077,2378,18,Electronics,Phones,COD,2022-08-21,New York,New York City,2022-08,Keith Brooks,CID-10770,PID-10770,LID-10770,DID-10770,2022-08,2022,8,3
OID-10771,5379,2510,17,Electronics,Printers,COD,2022-04-16,Ohio,Columbus,2022-04,Jason Martinez,CID-10771,PID-10771,LID-10771,DID-10771,2022-04,2022,4,2
OID-10772,4629,1660,16,Office Supplies,Markers,EMI,2023-04-02,California,San Diego,2023-04,Steven Herrera,CID-10772,PID-10772,LID-10772,DID-10772,2023-04,2023,4,2
OID-10773,2710,555,20,Electronics,Laptops,Debit Card,2024-10-21,Illinois,Chicago,2024-10,Beverly Lamb,CID-10773,PID-10773,LID-10773,DID-10773,2024-10,2024,10,4
OID-10774,3224,1018,14,Office Supplies,Binders,UPI,2024-10-21,Illinois,Chicago,2024-10,Beverly Lamb,CID-10774,PID-10774,LID-10774,DID-10774,2024-10,2024,10,4
OID-10775,8042,936,15,Office Supplies,Markers,EMI,2021-07-09,Illinois,Springfield,2021-07,Michael Williams,CID-10775,PID-10775,LID-10775,DID-10775,2021-07,2021,7,3
OID-10776,8042,936,15,Office Supplies,Markers,EMI,2022-04-08,California,Los Angeles,2022-04,Zachary Carpenter,CID-10776,PID-10776,LID-10776,DID-10776,2022-04,2022,4,2
OID-10777,3957,151,10,Office Supplies,Binders,EMI,2022-04-30,Texas,Austin,2022-04,Timothy Baker,CID-10777,PID-10777,LID-10777,DID-10777,2022-04,2022,4,2
OID-10778,8769,3178,16,Office Supplies,Markers,Debit Card,2023-01-20,Illinois,Chicago,2023-01,Adam James,CID-10778,PID-10778,LID-10778,DID-10778,2023-01,2023,1,1
OID-10779,2957,917,16,Office Supplies,Pens,Debit Card,2024-11-17,Illinois,Chicago,2024-11,Katrina Wood,CID-10779,PID-10779,LID-10779,DID-10779,2024-11,2024,11,4
OID-10780,5344,2607,6,Office Supplies,Paper,Debit Card,2022-04-23,Texas,Dallas,2022-04,James Murray,CID-10780,PID-10780,LID-10780,DID-10780,2022-04,2022,4,2
OID-10781,5344,2607,6,Office Supplies,Paper,Debit Card,2025-02-18,New York,Rochester,2025-02,Mr. Nathaniel Reeves,CID-10781,PID-10781,LID-10781,DID-10781,2025-02,2025,2,1
OID-10782,6061,2121,19,Electronics,Laptops,EMI,2021-05-27,Ohio,Cleveland,2021-05,Jodi Wood,CID-10782,PID-10782,LID-10782,DID-10782,2021-05,2021,5,2
OID-10783,6061,2121,19,Electronics,Laptops,EMI,2022-01-17,California,San Diego,2022-01,Dr. Thomas Peterson,CID-10783,PID-10783,LID-10783,DID-10783,2022-01,2022,1,1
OID-10784,5376,1928,7,Furniture,Tables,Credit Card,2025-01-15,New York,New York City,2025-01,Mario Hall,CID-10784,PID-10784,LID-10784,DID-10784,2025-01,2025,1,1
OID-10785,2792,1008,8,Electronics,Printers,COD,2021-02-14,Florida,Miami,2021-02,Justin Rosales,CID-10785,PID-10785,LID-10785,DID-10785,2021-02,2021,2,1
OID-10786,2944,249,5,Office Supplies,Binders,Credit Card,2024-08-31,Ohio,Columbus,2024-08,Autumn Lee,CID-10786,PID-10786,LID-10786,DID-10786,2024-08,2024,8,3
OID-10787,2944,249,5,Office Supplies,Binders,Credit Card,2022-12-26,Texas,Dallas,2022-12,Victoria Duran,CID-10787,PID-10787,LID-10787,DID-10787,2022-12,2022,12,4
OID-10788,4220,945,13,Office Supplies,Markers,EMI,2024-03-21,Illinois,Springfield,2024-03,Barry Garcia,CID-10788,PID-10788,LID-10788,DID-10788,2024-03,2024,3,1
OID-10789,4220,945,13,Office Supplies,Markers,EMI,2020-12-15,Illinois,Peoria,2020-12,Dawn Webb,CID-10789,PID-10789,LID-10789,DID-10789,2020-12,2020,12,4
OID-10790,8526,1704,4,Office Supplies,Binders,Debit Card,2023-03-21,Texas,Austin,2023-03,Patricia Sanford,CID-10790,PID-10790,LID-10790,DID-10790,2023-03,2023,3,1
OID-10791,8218,1430,19,Furniture,Bookcases,Credit Card,2023-06-08,California,San Francisco,2023-06,William Walters,CID-10791,PID-10791,LID-10791,DID-10791,2023-06,2023,6,2
OID-10792,599,265,4,Electronics,Phones,Credit Card,2022-07-17,New York,Buffalo,2022-07,Emma Scott,CID-10792,PID-10792,LID-10792,DID-10792,2022-07,2022,7,3
OID-10793,599,265,4,Electronics,Phones,Credit Card,2024-12-05,New York,Rochester,2024-12,Sabrina Buckley,CID-10793,PID-10793,LID-10793,DID-10793,2024-12,2024,12,4
OID-10794,2727,543,10,Furniture,Bookcases,Credit Card,2022-07-17,New York,Buffalo,2022-07,Emma Scott,CID-10794,PID-10794,LID-10794,DID-10794,2022-07,2022,7,3
OID-10795,2727,543,10,Furniture,Bookcases,Credit Card,2024-12-05,New York,Rochester,2024-12,Sabrina Buckley,CID-10795,PID-10795,LID-10795,DID-10795,2024-12,2024,12,4
OID-10796,2589,605,11,Office Supplies,Pens,EMI,2023-11-02,California,San Francisco,2023-11,Robert Rojas,CID-10796,PID-10796,LID-10796,DID-10796,2023-11,2023,11,4
OID-10797,2589,605,11,Office Supplies,Pens,EMI,2024-10-05,Ohio,Cleveland,2024-10,Eric Johnson,CID-10797,PID-10797,LID-10797,DID-10797,2024-10,2024,10,4
OID-10798,3776,1100,9,Electronics,Electronic Games,EMI,2022-11-13,Texas,Austin,2022-11,Heather Parker,CID-10798,PID-10798,LID-10798,DID-10798,2022-11,2022,11,4
OID-10799,3776,1100,9,Electronics,Electronic Games,EMI,2022-12-28,Illinois,Peoria,2022-12,Thomas Matthews,CID-10799,PID-10799,LID-10799,DID-10799,2022-12,2022,12,4
OID-10800,5402,1666,12,Furniture,Bookcases,EMI,2025-02-26,Ohio,Cleveland,2025-02,Kimberly Beard,CID-10800,PID-10800,LID-10800,DID-10800,2025-02,2025,2,1
OID-10801,5165,885,16,Office Supplies,Pens,EMI,2022-11-12,Illinois,Peoria,2022-11,Lydia Donovan,CID-10801,PID-10801,LID-10801,DID-10801,2022-11,2022,11,4
OID-10802,4863,2394,4,Furniture,Bookcases,EMI,2022-11-12,Illinois,Peoria,2022-11,Lydia Donovan,CID-10802,PID-10802,LID-10802,DID-10802,2022-11,2022,11,4
OID-10803,1626,258,15,Office Supplies,Pens,EMI,2021-06-07,Florida,Orlando,2021-06,Edward Johnson,CID-10803,PID-10803,LID-10803,DID-10803,2021-06,2021,6,2
OID-10804,8851,3962,7,Furniture,Tables,EMI,2020-09-26,Florida,Miami,2020-09,Ricky Smith,CID-10804,PID-10804,LID-10804,DID-10804,2020-09,2020,9,3
OID-10805,9680,3295,9,Furniture,Tables,COD,2024-04-29,New York,Rochester,2024-04,Mr. Ralph Garcia Jr.,CID-10805,PID-10805,LID-10805,DID-10805,2024-04,2024,4,2
OID-10806,8468,3666,8,Office Supplies,Pens,UPI,2024-04-29,New York,Rochester,2024-04,Mr. Ralph Garcia Jr.,CID-10806,PID-10806,LID-10806,DID-10806,2024-04,2024,4,2
OID-10807,4441,314,14,Furniture,Chairs,Debit Card,2024-04-29,New York,Rochester,2024-04,Mr. Ralph Garcia Jr.,CID-10807,PID-10807,LID-10807,DID-10807,2024-04,2024,4,2
OID-10808,6622,2673,8,Furniture,Sofas,COD,2024-04-10,New York,New York City,2024-04,Malik Walker,CID-10808,PID-10808,LID-10808,DID-10808,2024-04,2024,4,2
OID-10809,3260,207,17,Furniture,Tables,UPI,2023-12-21,California,San Diego,2023-12,Tanya Walker,CID-10809,PID-10809,LID-10809,DID-10809,2023-12,2023,12,4
OID-10810,8709,2322,8,Furniture,Tables,Debit Card,2024-05-02,Texas,Austin,2024-05,Sherri Ferguson DVM,CID-10810,PID-10810,LID-10810,DID-10810,2024-05,2024,5,2
OID-10811,8709,2322,8,Furniture,Tables,Debit Card,2024-11-21,California,San Francisco,2024-11,Kristin Hart,CID-10811,PID-10811,LID-10811,DID-10811,2024-11,2024,11,4
OID-10812,5250,187,1,Office Supplies,Binders,COD,2022-03-17,Ohio,Cincinnati,2022-03,Jim Johnson,CID-10812,PID-10812,LID-10812,DID-10812,2022-03,2022,3,1
OID-10813,5250,187,1,Office Supplies,Binders,COD,2023-05-14,Texas,Houston,2023-05,David Hamilton,CID-10813,PID-10813,LID-10813,DID-10813,2023-05,2023,5,2
OID-10814,4116,921,20,Office Supplies,Paper,UPI,2024-10-07,California,Los Angeles,2024-10,Michael Jimenez,CID-10814,PID-10814,LID-10814,DID-10814,2024-10,2024,10,4
OID-10815,4116,921,20,Office Supplies,Paper,UPI,2020-09-08,Illinois,Springfield,2020-09,Angela Norman,CID-10815,PID-10815,LID-10815,DID-10815,2020-09,2020,9,3
OID-10816,1109,418,15,Office Supplies,Paper,UPI,2021-08-19,California,Los Angeles,2021-08,Denise Mcdaniel,CID-10816,PID-10816,LID-10816,DID-10816,2021-08,2021,8,3
OID-10817,3573,562,7,Office Supplies,Pens,EMI,2022-10-12,New York,Rochester,2022-10,Michael Rodriguez,CID-10817,PID-10817,LID-10817,DID-10817,2022-10,2022,10,4
OID-10818,3573,562,7,Office Supplies,Pens,EMI,2020-05-23,California,San Diego,2020-05,Matthew Huff,CID-10818,PID-10818,LID-10818,DID-10818,2020-05,2020,5,2
OID-10819,3573,562,7,Office Supplies,Pens,EMI,2020-04-18,Florida,Tampa,2020-04,Linda Little,CID-10819,PID-10819,LID-10819,DID-10819,2020-04,2020,4,2
OID-10820,8055,661,10,Electronics,Phones,EMI,2022-10-12,New York,Rochester,2022-10,Michael Rodriguez,CID-10820,PID-10820,LID-10820,DID-10820,2022-10,2022,10,4
OID-10821,8055,661,10,Electronics,Phones,EMI,2020-05-23,California,San Diego,2020-05,Matthew Huff,CID-10821,PID-10821,LID-10821,DID-10821,2020-05,2020,5,2
OID-10822,8055,661,10,Electronics,Phones,EMI,2020-04-18,Florida,Tampa,2020-04,Linda Little,CID-10822,PID-10822,LID-10822,DID-10822,2020-04,2020,4,2
OID-10823,6829,2609,2,Electronics,Laptops,EMI,2022-06-04,California,San Francisco,2022-06,Kerri Andrews,CID-10823,PID-10823,LID-10823,DID-10823,2022-06,2022,6,2
OID-10824,6390,3089,12,Office Supplies,Paper,COD,2022-06-04,California,San Francisco,2022-06,Kerri Andrews,CID-10824,PID-10824,LID-10824,DID-10824,2022-06,2022,6,2
OID-10825,5831,1574,17,Office Supplies,Pens,Debit Card,2022-11-16,California,San Francisco,2022-11,Jeffrey Johnson III,CID-10825,PID-10825,LID-10825,DID-10825,2022-11,2022,11,4
OID-10826,5831,1574,17,Office Supplies,Pens,Debit Card,2024-07-18,California,San Diego,2024-07,Daniel Dixon,CID-10826,PID-10826,LID-10826,DID-10826,2024-07,2024,7,3
OID-10827,5831,1574,17,Office Supplies,Pens,Debit Card,2023-07-16,Florida,Miami,2023-07,Tiffany Robinson,CID-10827,PID-10827,LID-10827,DID-10827,2023-07,2023,7,3
OID-10828,7952,3865,8,Furniture,Sofas,Debit Card,2020-08-10,Illinois,Peoria,2020-08,Mr. Gregg Sawyer,CID-10828,PID-10828,LID-10828,DID-10828,2020-08,2020,8,3
OID-10829,3659,379,5,Furniture,Bookcases,UPI,2024-06-22,California,Los Angeles,2024-06,John Silva,CID-10829,PID-10829,LID-10829,DID-10829,2024-06,2024,6,2
OID-10830,4183,1159,4,Office Supplies,Pens,Debit Card,2020-07-13,Illinois,Springfield,2020-07,Nathan Moss,CID-10830,PID-10830,LID-10830,DID-10830,2020-07,2020,7,3
OID-10831,7478,1381,11,Electronics,Phones,EMI,2024-04-16,Texas,Houston,2024-04,Donald Medina,CID-10831,PID-10831,LID-10831,DID-10831,2024-04,2024,4,2
OID-10832,702,238,9,Electronics,Phones,COD,2021-03-13,Florida,Tampa,2021-03,Charles Henderson,CID-10832,PID-10832,LID-10832,DID-10832,2021-03,2021,3,1
OID-10833,4037,1494,15,Furniture,Chairs,EMI,2023-04-01,California,San Francisco,2023-04,Brenda Davis,CID-10833,PID-10833,LID-10833,DID-10833,2023-04,2023,4,2
OID-10834,5014,2332,2,Furniture,Chairs,COD,2020-11-10,Illinois,Chicago,2020-11,Leah Calderon,CID-10834,PID-10834,LID-10834,DID-10834,2020-11,2020,11,4
OID-10835,9879,4930,15,Electronics,Laptops,Debit Card,2023-06-08,New York,Rochester,2023-06,Brandi Vasquez,CID-10835,PID-10835,LID-10835,DID-10835,2023-06,2023,6,2
OID-10836,8762,3502,1,Electronics,Phones,Debit Card,2021-08-17,Florida,Tampa,2021-08,Debra Richards,CID-10836,PID-10836,LID-10836,DID-10836,2021-08,2021,8,3
OID-10837,8490,800,1,Office Supplies,Pens,EMI,2020-05-24,New York,New York City,2020-05,Tammy Day,CID-10837,PID-10837,LID-10837,DID-10837,2020-05,2020,5,2
OID-10838,6951,164,10,Furniture,Sofas,UPI,2021-08-12,New York,Buffalo,2021-08,Sheila Clay,CID-10838,PID-10838,LID-10838,DID-10838,2021-08,2021,8,3
OID-10839,1078,309,3,Electronics,Phones,Credit Card,2022-09-03,Ohio,Cleveland,2022-09,Nicholas Flores,CID-10839,PID-10839,LID-10839,DID-10839,2022-09,2022,9,3
OID-10840,1078,309,3,Electronics,Phones,Credit Card,2020-10-01,Illinois,Chicago,2020-10,Jasmin Jones,CID-10840,PID-10840,LID-10840,DID-10840,2020-10,2020,10,4
OID-10841,8560,2166,19,Office Supplies,Binders,EMI,2022-05-27,Florida,Tampa,2022-05,Matthew Gardner,CID-10841,PID-10841,LID-10841,DID-10841,2022-05,2022,5,2
OID-10842,1031,318,20,Electronics,Electronic Games,UPI,2022-05-27,Florida,Tampa,2022-05,Matthew Gardner,CID-10842,PID-10842,LID-10842,DID-10842,2022-05,2022,5,2
OID-10843,6402,2770,19,Office Supplies,Markers,Debit Card,2024-03-10,Florida,Orlando,2024-03,Joseph Perkins,CID-10843,PID-10843,LID-10843,DID-10843,2024-03,2024,3,1
OID-10844,6402,2770,19,Office Supplies,Markers,Debit Card,2023-10-05,Florida,Orlando,2023-10,Ashley Adams MD,CID-10844,PID-10844,LID-10844,DID-10844,2023-10,2023,10,4
OID-10845,5916,1594,19,Electronics,Printers,Debit Card,2024-03-10,Florida,Orlando,2024-03,Joseph Perkins,CID-10845,PID-10845,LID-10845,DID-10845,2024-03,2024,3,1
OID-10846,5916,1594,19,Electronics,Printers,Debit Card,2023-10-05,Florida,Orlando,2023-10,Ashley Adams MD,CID-10846,PID-10846,LID-10846,DID-10846,2023-10,2023,10,4
OID-10847,4015,1751,15,Furniture,Chairs,Debit Card,2022-08-28,California,San Francisco,2022-08,Cheryl Stevens,CID-10847,PID-10847,LID-10847,DID-10847,2022-08,2022,8,3
OID-10848,4015,1751,15,Furniture,Chairs,Debit Card,2020-09-08,New York,New York City,2020-09,Jorge George,CID-10848,PID-10848,LID-10848,DID-10848,2020-09,2020,9,3
OID-10849,9335,557,11,Electronics,Electronic Games,COD,2021-04-27,California,Los Angeles,2021-04,Ann Mooney,CID-10849,PID-10849,LID-10849,DID-10849,2021-04,2021,4,2
OID-10850,4706,594,11,Office Supplies,Binders,COD,2021-08-21,Ohio,Cleveland,2021-08,James Mendoza,CID-10850,PID-10850,LID-10850,DID-10850,2021-08,2021,8,3
OID-10851,4706,594,11,Office Supplies,Binders,COD,2021-05-16,Ohio,Columbus,2021-05,Kaitlin Garrison,CID-10851,PID-10851,LID-10851,DID-10851,2021-05,2021,5,2
OID-10852,6584,371,6,Office Supplies,Markers,UPI,2021-08-21,Ohio,Cleveland,2021-08,James Mendoza,CID-10852,PID-10852,LID-10852,DID-10852,2021-08,2021,8,3
OID-10853,6584,371,6,Office Supplies,Markers,UPI,2021-05-16,Ohio,Columbus,2021-05,Kaitlin Garrison,CID-10853,PID-10853,LID-10853,DID-10853,2021-05,2021,5,2
OID-10854,6389,734,1,Furniture,Sofas,EMI,2022-01-15,Texas,Dallas,2022-01,Jeremy Jackson,CID-10854,PID-10854,LID-10854,DID-10854,2022-01,2022,1,1
OID-10855,9869,4299,12,Electronics,Printers,Debit Card,2023-03-21,California,San Diego,2023-03,Dale Craig,CID-10855,PID-10855,LID-10855,DID-10855,2023-03,2023,3,1
OID-10856,9869,4299,12,Electronics,Printers,Debit Card,2023-12-28,New York,Buffalo,2023-12,Joseph Hooper,CID-10856,PID-10856,LID-10856,DID-10856,2023-12,2023,12,4
OID-10857,655,297,4,Office Supplies,Markers,Debit Card,2022-02-15,New York,Buffalo,2022-02,Alexander Adams,CID-10857,PID-10857,LID-10857,DID-10857,2022-02,2022,2,1
OID-10858,655,297,4,Office Supplies,Markers,Debit Card,2023-11-30,Florida,Orlando,2023-11,Ashlee Mills,CID-10858,PID-10858,LID-10858,DID-10858,2023-11,2023,11,4
OID-10859,798,308,10,Electronics,Phones,Debit Card,2023-01-12,New York,Buffalo,2023-01,Brittany Jenkins,CID-10859,PID-10859,LID-10859,DID-10859,2023-01,2023,1,1
OID-10860,798,308,10,Electronics,Phones,Debit Card,2023-05-19,Ohio,Cleveland,2023-05,Eddie Gonzales,CID-10860,PID-10860,LID-10860,DID-10860,2023-05,2023,5,2
OID-10861,7967,2504,13,Electronics,Printers,EMI,2023-01-12,New York,Buffalo,2023-01,Brittany Jenkins,CID-10861,PID-10861,LID-10861,DID-10861,2023-01,2023,1,1
OID-10862,7967,2504,13,Electronics,Printers,EMI,2023-05-19,Ohio,Cleveland,2023-05,Eddie Gonzales,CID-10862,PID-10862,LID-10862,DID-10862,2023-05,2023,5,2
OID-10863,3756,1318,5,Furniture,Tables,UPI,2024-02-19,Florida,Miami,2024-02,Edward Valencia,CID-10863,PID-10863,LID-10863,DID-10863,2024-02,2024,2,1
OID-10864,5196,2477,1,Office Supplies,Markers,UPI,2021-12-01,Texas,Austin,2021-12,Emma Bruce,CID-10864,PID-10864,LID-10864,DID-10864,2021-12,2021,12,4
OID-10865,6586,1794,19,Furniture,Bookcases,Debit Card,2021-12-01,Texas,Austin,2021-12,Emma Bruce,CID-10865,PID-10865,LID-10865,DID-10865,2021-12,2021,12,4
OID-10866,6673,950,19,Office Supplies,Markers,EMI,2024-12-19,New York,Buffalo,2024-12,Carl Wade DDS,CID-10866,PID-10866,LID-10866,DID-10866,2024-12,2024,12,4
OID-10867,714,232,14,Furniture,Tables,UPI,2023-01-18,Ohio,Columbus,2023-01,Brandon Alvarado,CID-10867,PID-10867,LID-10867,DID-10867,2023-01,2023,1,1
OID-10868,714,232,14,Furniture,Tables,UPI,2020-12-23,Texas,Austin,2020-12,Jennifer Clark,CID-10868,PID-10868,LID-10868,DID-10868,2020-12,2020,12,4
OID-10869,1083,501,6,Office Supplies,Pens,COD,2021-02-28,Texas,Austin,2021-02,David Johnson,CID-10869,PID-10869,LID-10869,DID-10869,2021-02,2021,2,1
OID-10870,2401,1163,10,Furniture,Bookcases,UPI,2023-05-04,Ohio,Cleveland,2023-05,April Marquez,CID-10870,PID-10870,LID-10870,DID-10870,2023-05,2023,5,2
OID-10871,2401,1163,10,Furniture,Bookcases,UPI,2020-04-22,California,Los Angeles,2020-04,Joseph Guerrero,CID-10871,PID-10871,LID-10871,DID-10871,2020-04,2020,4,2
OID-10872,2401,1163,10,Furniture,Bookcases,UPI,2021-08-13,New York,Rochester,2021-08,Michael Hanson,CID-10872,PID-10872,LID-10872,DID-10872,2021-08,2021,8,3
OID-10873,1045,267,11,Electronics,Phones,Debit Card,2023-05-04,Ohio,Cleveland,2023-05,April Marquez,CID-10873,PID-10873,LID-10873,DID-10873,2023-05,2023,5,2
OID-10874,1045,267,11,Electronics,Phones,Debit Card,2020-04-22,California,Los Angeles,2020-04,Joseph Guerrero,CID-10874,PID-10874,LID-10874,DID-10874,2020-04,2020,4,2
OID-10875,1045,267,11,Electronics,Phones,Debit Card,2021-08-13,New York,Rochester,2021-08,Michael Hanson,CID-10875,PID-10875,LID-10875,DID-10875,2021-08,2021,8,3
OID-10876,7806,1127,1,Office Supplies,Markers,Credit Card,2023-07-20,Texas,Dallas,2023-07,William Hill,CID-10876,PID-10876,LID-10876,DID-10876,2023-07,2023,7,3
OID-10877,5263,1743,19,Furniture,Sofas,Credit Card,2022-08-28,Florida,Miami,2022-08,Kelsey Huber,CID-10877,PID-10877,LID-10877,DID-10877,2022-08,2022,8,3
OID-10878,6147,2526,6,Office Supplies,Pens,Debit Card,2023-03-14,Texas,Dallas,2023-03,Hailey Chandler,CID-10878,PID-10878,LID-10878,DID-10878,2023-03,2023,3,1
OID-10879,7484,2871,15,Electronics,Phones,UPI,2023-11-07,Florida,Orlando,2023-11,Cheyenne Rose,CID-10879,PID-10879,LID-10879,DID-10879,2023-11,2023,11,4
OID-10880,7484,2871,15,Electronics,Phones,UPI,2024-04-16,Illinois,Chicago,2024-04,Richard Petersen,CID-10880,PID-10880,LID-10880,DID-10880,2024-04,2024,4,2
OID-10881,7700,2712,1,Furniture,Sofas,Credit Card,2023-11-07,Florida,Orlando,2023-11,Cheyenne Rose,CID-10881,PID-10881,LID-10881,DID-10881,2023-11,2023,11,4
OID-10882,7700,2712,1,Furniture,Sofas,Credit Card,2024-04-16,Illinois,Chicago,2024-04,Richard Petersen,CID-10882,PID-10882,LID-10882,DID-10882,2024-04,2024,4,2
OID-10883,8537,3586,13,Office Supplies,Markers,UPI,2022-09-16,New York,Rochester,2022-09,Kathryn Gray,CID-10883,PID-10883,LID-10883,DID-10883,2022-09,2022,9,3
OID-10884,8858,3394,6,Furniture,Chairs,COD,2024-10-31,California,San Diego,2024-10,Victor Collins,CID-10884,PID-10884,LID-10884,DID-10884,2024-10,2024,10,4
OID-10885,5313,2037,7,Electronics,Printers,Debit Card,2024-11-25,California,San Francisco,2024-11,Jason Hernandez,CID-10885,PID-10885,LID-10885,DID-10885,2024-11,2024,11,4
OID-10886,5313,2037,7,Electronics,Printers,Debit Card,2021-10-29,Texas,Houston,2021-10,Jacob Torres,CID-10886,PID-10886,LID-10886,DID-10886,2021-10,2021,10,4
OID-10887,3281,471,7,Furniture,Sofas,EMI,2023-12-27,California,Los Angeles,2023-12,Erin Hernandez,CID-10887,PID-10887,LID-10887,DID-10887,2023-12,2023,12,4
OID-10888,3281,471,7,Furniture,Sofas,EMI,2023-06-25,Illinois,Peoria,2023-06,Jacob Guzman,CID-10888,PID-10888,LID-10888,DID-10888,2023-06,2023,6,2
OID-10889,8681,2458,9,Office Supplies,Pens,Credit Card,2020-09-01,New York,New York City,2020-09,Mike Armstrong,CID-10889,PID-10889,LID-10889,DID-10889,2020-09,2020,9,3
OID-10890,6195,1556,18,Furniture,Sofas,EMI,2025-02-01,Illinois,Springfield,2025-02,Cindy Rowland,CID-10890,PID-10890,LID-10890,DID-10890,2025-02,2025,2,1
OID-10891,3877,481,16,Furniture,Chairs,Debit Card,2023-07-22,New York,Rochester,2023-07,Kenneth Matthews,CID-10891,PID-10891,LID-10891,DID-10891,2023-07,2023,7,3
OID-10892,3877,481,16,Furniture,Chairs,Debit Card,2022-02-04,New York,New York City,2022-02,Susan Valdez,CID-10892,PID-10892,LID-10892,DID-10892,2022-02,2022,2,1
OID-10893,9369,3297,6,Electronics,Printers,Debit Card,2023-09-27,Florida,Orlando,2023-09,Stephanie Manning,CID-10893,PID-10893,LID-10893,DID-10893,2023-09,2023,9,3
OID-10894,9369,3297,6,Electronics,Printers,Debit Card,2025-01-30,New York,New York City,2025-01,Logan Galloway,CID-10894,PID-10894,LID-10894,DID-10894,2025-01,2025,1,1
OID-10895,8680,4068,20,Electronics,Printers,Credit Card,2023-09-27,Florida,Orlando,2023-09,Stephanie Manning,CID-10895,PID-10895,LID-10895,DID-10895,2023-09,2023,9,3
OID-10896,8680,4068,20,Electronics,Printers,Credit Card,2025-01-30,New York,New York City,2025-01,Logan Galloway,CID-10896,PID-10896,LID-10896,DID-10896,2025-01,2025,1,1
OID-10897,3067,1475,8,Electronics,Laptops,UPI,2023-09-27,Florida,Orlando,2023-09,Stephanie Manning,CID-10897,PID-10897,LID-10897,DID-10897,2023-09,2023,9,3
OID-10898,3067,1475,8,Electronics,Laptops,UPI,2025-01-30,New York,New York City,2025-01,Logan Galloway,CID-10898,PID-10898,LID-10898,DID-10898,2025-01,2025,1,1
OID-10899,9002,4197,2,Office Supplies,Markers,EMI,2025-01-15,Ohio,Cincinnati,2025-01,Christopher Stone,CID-10899,PID-10899,LID-10899,DID-10899,2025-01,2025,1,1
OID-10900,9002,4197,2,Office Supplies,Markers,EMI,2021-03-28,Ohio,Columbus,2021-03,Megan Pitts,CID-10900,PID-10900,LID-10900,DID-10900,2021-03,2021,3,1
OID-10901,7105,2782,19,Office Supplies,Pens,COD,2021-12-25,Ohio,Columbus,2021-12,Richard Gardner,CID-10901,PID-10901,LID-10901,DID-10901,2021-12,2021,12,4
OID-10902,5317,1345,18,Furniture,Chairs,Debit Card,2023-02-03,Ohio,Columbus,2023-02,Samuel Moore,CID-10902,PID-10902,LID-10902,DID-10902,2023-02,2023,2,1
OID-10903,5317,1345,18,Furniture,Chairs,Debit Card,2023-04-28,Florida,Orlando,2023-04,Robert Stokes,CID-10903,PID-10903,LID-10903,DID-10903,2023-04,2023,4,2
OID-10904,5317,1345,18,Furniture,Chairs,Debit Card,2024-11-22,California,San Francisco,2024-11,Danielle Ramirez,CID-10904,PID-10904,LID-10904,DID-10904,2024-11,2024,11,4
OID-10905,6304,766,14,Furniture,Tables,EMI,2023-02-03,Ohio,Columbus,2023-02,Samuel Moore,CID-10905,PID-10905,LID-10905,DID-10905,2023-02,2023,2,1
OID-10906,6304,766,14,Furniture,Tables,EMI,2023-04-28,Florida,Orlando,2023-04,Robert Stokes,CID-10906,PID-10906,LID-10906,DID-10906,2023-04,2023,4,2
OID-10907,6304,766,14,Furniture,Tables,EMI,2024-11-22,California,San Francisco,2024-11,Danielle Ramirez,CID-10907,PID-10907,LID-10907,DID-10907,2024-11,2024,11,4
OID-10908,9565,1691,3,Office Supplies,Paper,Debit Card,2024-07-02,Illinois,Springfield,2024-07,Taylor White,CID-10908,PID-10908,LID-10908,DID-10908,2024-07,2024,7,3
OID-10909,8245,324,11,Office Supplies,Paper,EMI,2024-07-02,Illinois,Springfield,2024-07,Taylor White,CID-10909,PID-10909,LID-10909,DID-10909,2024-07,2024,7,3
OID-10910,1592,480,13,Electronics,Laptops,Debit Card,2022-01-18,Ohio,Cleveland,2022-01,Jordan Krause,CID-10910,PID-10910,LID-10910,DID-10910,2022-01,2022,1,1
OID-10911,8400,267,5,Electronics,Phones,Debit Card,2024-10-08,Ohio,Columbus,2024-10,Kimberly King,CID-10911,PID-10911,LID-10911,DID-10911,2024-10,2024,10,4
OID-10912,4963,1254,15,Office Supplies,Paper,EMI,2024-10-08,Ohio,Columbus,2024-10,Kimberly King,CID-10912,PID-10912,LID-10912,DID-10912,2024-10,2024,10,4
OID-10913,2472,211,5,Electronics,Printers,COD,2020-06-21,California,San Diego,2020-06,Sharon Russell,CID-10913,PID-10913,LID-10913,DID-10913,2020-06,2020,6,2
OID-10914,9132,3096,14,Furniture,Chairs,Debit Card,2023-12-14,Florida,Tampa,2023-12,Kevin Cooper,CID-10914,PID-10914,LID-10914,DID-10914,2023-12,2023,12,4
OID-10915,8305,1577,6,Office Supplies,Binders,Debit Card,2020-12-16,New York,Rochester,2020-12,Darrell Ramos,CID-10915,PID-10915,LID-10915,DID-10915,2020-12,2020,12,4
OID-10916,1010,58,19,Electronics,Electronic Games,COD,2025-03-15,Florida,Tampa,2025-03,Dr. Terry Alvarado,CID-10916,PID-10916,LID-10916,DID-10916,2025-03,2025,3,1
OID-10917,4544,1726,9,Electronics,Phones,EMI,2024-08-21,Texas,Dallas,2024-08,Kathy Wilson,CID-10917,PID-10917,LID-10917,DID-10917,2024-08,2024,8,3
OID-10918,5900,1738,20,Electronics,Phones,UPI,2024-08-21,Texas,Dallas,2024-08,Kathy Wilson,CID-10918,PID-10918,LID-10918,DID-10918,2024-08,2024,8,3
OID-10919,8861,3381,19,Office Supplies,Markers,Credit Card,2021-05-27,California,San Diego,2021-05,Brandon Le,CID-10919,PID-10919,LID-10919,DID-10919,2021-05,2021,5,2
OID-10920,8158,2052,13,Electronics,Phones,Debit Card,2020-09-21,Ohio,Cincinnati,2020-09,Mary Wright,CID-10920,PID-10920,LID-10920,DID-10920,2020-09,2020,9,3
OID-10921,3411,1704,14,Office Supplies,Pens,UPI,2025-01-11,California,Los Angeles,2025-01,Douglas Reynolds,CID-10921,PID-10921,LID-10921,DID-10921,2025-01,2025,1,1
OID-10922,9406,1137,16,Office Supplies,Markers,UPI,2021-10-20,Texas,Houston,2021-10,Leroy Harris,CID-10922,PID-10922,LID-10922,DID-10922,2021-10,2021,10,4
OID-10923,1156,74,15,Electronics,Printers,EMI,2021-10-20,Texas,Houston,2021-10,Leroy Harris,CID-10923,PID-10923,LID-10923,DID-10923,2021-10,2021,10,4
OID-10924,5354,743,10,Furniture,Bookcases,UPI,2021-10-19,Illinois,Springfield,2021-10,Ricardo Dixon,CID-10924,PID-10924,LID-10924,DID-10924,2021-10,2021,10,4
OID-10925,8780,3430,4,Electronics,Electronic Games,Credit Card,2024-07-07,Texas,Austin,2024-07,Debra Smith,CID-10925,PID-10925,LID-10925,DID-10925,2024-07,2024,7,3
OID-10926,8780,3430,4,Electronics,Electronic Games,Credit Card,2023-07-25,Texas,Austin,2023-07,Jasmine James,CID-10926,PID-10926,LID-10926,DID-10926,2023-07,2023,7,3
OID-10927,6783,3306,8,Furniture,Sofas,Debit Card,2020-04-16,Ohio,Columbus,2020-04,Felicia Morton,CID-10927,PID-10927,LID-10927,DID-10927,2020-04,2020,4,2
OID-10928,1778,285,4,Office Supplies,Pens,Credit Card,2020-07-04,New York,New York City,2020-07,Sylvia Jenkins,CID-10928,PID-10928,LID-10928,DID-10928,2020-07,2020,7,3
OID-10929,9399,1949,12,Electronics,Printers,UPI,2022-05-16,New York,Rochester,2022-05,Elizabeth White,CID-10929,PID-10929,LID-10929,DID-10929,2022-05,2022,5,2
OID-10930,7957,965,4,Furniture,Sofas,Credit Card,2022-05-16,New York,Rochester,2022-05,Elizabeth White,CID-10930,PID-10930,LID-10930,DID-10930,2022-05,2022,5,2
OID-10931,1638,661,13,Furniture,Chairs,EMI,2023-11-25,Illinois,Springfield,2023-11,Steven Steele,CID-10931,PID-10931,LID-10931,DID-10931,2023-11,2023,11,4
OID-10932,1786,224,4,Furniture,Tables,COD,2021-08-17,Texas,Dallas,2021-08,Amanda Ramirez,CID-10932,PID-10932,LID-10932,DID-10932,2021-08,2021,8,3
OID-10933,4751,781,9,Office Supplies,Paper,EMI,2023-07-02,New York,Buffalo,2023-07,Kyle Jackson,CID-10933,PID-10933,LID-10933,DID-10933,2023-07,2023,7,3
OID-10934,8979,4477,4,Office Supplies,Paper,Credit Card,2020-08-24,Illinois,Chicago,2020-08,Sharon Wilkins,CID-10934,PID-10934,LID-10934,DID-10934,2020-08,2020,8,3
OID-10935,2727,663,8,Electronics,Phones,Credit Card,2022-11-07,Florida,Miami,2022-11,Austin Hammond,CID-10935,PID-10935,LID-10935,DID-10935,2022-11,2022,11,4
OID-10936,1093,397,17,Electronics,Printers,Credit Card,2024-03-27,Illinois,Peoria,2024-03,Jessica Barajas,CID-10936,PID-10936,LID-10936,DID-10936,2024-03,2024,3,1
OID-10937,1093,397,17,Electronics,Printers,Credit Card,2024-09-01,New York,Buffalo,2024-09,Jamie Jimenez,CID-10937,PID-10937,LID-10937,DID-10937,2024-09,2024,9,3
OID-10938,1093,397,17,Electronics,Printers,Credit Card,2022-02-22,Ohio,Columbus,2022-02,James Carter,CID-10938,PID-10938,LID-10938,DID-10938,2022-02,2022,2,1
OID-10939,2636,88,11,Office Supplies,Paper,Debit Card,2024-03-27,Illinois,Peoria,2024-03,Jessica Barajas,CID-10939,PID-10939,LID-10939,DID-10939,2024-03,2024,3,1
OID-10940,2636,88,11,Office Supplies,Paper,Debit Card,2024-09-01,New York,Buffalo,2024-09,Jamie Jimenez,CID-10940,PID-10940,LID-10940,DID-10940,2024-09,2024,9,3
OID-10941,2636,88,11,Office Supplies,Paper,Debit Card,2022-02-22,Ohio,Columbus,2022-02,James Carter,CID-10941,PID-10941,LID-10941,DID-10941,2022-02,2022,2,1
OID-10942,7344,2251,7,Electronics,Electronic Games,Debit Card,2022-02-11,Florida,Miami,2022-02,John Williams,CID-10942,PID-10942,LID-10942,DID-10942,2022-02,2022,2,1
OID-10943,7306,1547,3,Office Supplies,Paper,COD,2022-02-11,Florida,Miami,2022-02,John Williams,CID-10943,PID-10943,LID-10943,DID-10943,2022-02,2022,2,1
OID-10944,5832,2588,10,Electronics,Printers,COD,2022-02-11,Florida,Miami,2022-02,John Williams,CID-10944,PID-10944,LID-10944,DID-10944,2022-02,2022,2,1
OID-10945,8572,2041,8,Furniture,Tables,EMI,2021-05-27,Illinois,Springfield,2021-05,Alicia Oneill,CID-10945,PID-10945,LID-10945,DID-10945,2021-05,2021,5,2
OID-10946,8572,2041,8,Furniture,Tables,EMI,2023-07-05,Illinois,Springfield,2023-07,Rebecca Huff,CID-10946,PID-10946,LID-10946,DID-10946,2023-07,2023,7,3
OID-10947,8572,2041,8,Furniture,Tables,EMI,2020-10-27,California,San Diego,2020-10,Diana Scott,CID-10947,PID-10947,LID-10947,DID-10947,2020-10,2020,10,4
OID-10948,8059,1834,10,Electronics,Printers,Credit Card,2021-05-27,Illinois,Springfield,2021-05,Alicia Oneill,CID-10948,PID-10948,LID-10948,DID-10948,2021-05,2021,5,2
OID-10949,8059,1834,10,Electronics,Printers,Credit Card,2023-07-05,Illinois,Springfield,2023-07,Rebecca Huff,CID-10949,PID-10949,LID-10949,DID-10949,2023-07,2023,7,3
OID-10950,8059,1834,10,Electronics,Printers,Credit Card,2020-10-27,California,San Diego,2020-10,Diana Scott,CID-10950,PID-10950,LID-10950,DID-10950,2020-10,2020,10,4
OID-10951,3661,436,13,Furniture,Sofas,EMI,2023-01-26,Texas,Austin,2023-01,Brian Young,CID-10951,PID-10951,LID-10951,DID-10951,2023-01,2023,1,1
OID-10952,2451,342,8,Office Supplies,Paper,EMI,2021-09-06,California,Los Angeles,2021-09,Susan Wright,CID-10952,PID-10952,LID-10952,DID-10952,2021-09,2021,9,3
OID-10953,2451,342,8,Office Supplies,Paper,EMI,2021-11-12,Ohio,Cincinnati,2021-11,Kayla Banks,CID-10953,PID-10953,LID-10953,DID-10953,2021-11,2021,11,4
OID-10954,2451,342,8,Office Supplies,Paper,EMI,2024-07-30,Texas,Houston,2024-07,Zachary Pierce,CID-10954,PID-10954,LID-10954,DID-10954,2024-07,2024,7,3
OID-10955,7067,1943,16,Furniture,Tables,Credit Card,2022-03-15,California,San Francisco,2022-03,Nicolas Owen,CID-10955,PID-10955,LID-10955,DID-10955,2022-03,2022,3,1
OID-10956,4307,615,3,Electronics,Electronic Games,UPI,2024-03-15,New York,New York City,2024-03,Martha Carney,CID-10956,PID-10956,LID-10956,DID-10956,2024-03,2024,3,1
OID-10957,4307,615,3,Electronics,Electronic Games,UPI,2020-11-10,Illinois,Springfield,2020-11,Francisco Hicks,CID-10957,PID-10957,LID-10957,DID-10957,2020-11,2020,11,4
OID-10958,5694,1134,5,Furniture,Chairs,EMI,2024-03-15,New York,New York City,2024-03,Martha Carney,CID-10958,PID-10958,LID-10958,DID-10958,2024-03,2024,3,1
OID-10959,5694,1134,5,Furniture,Chairs,EMI,2020-11-10,Illinois,Springfield,2020-11,Francisco Hicks,CID-10959,PID-10959,LID-10959,DID-10959,2020-11,2020,11,4
OID-10960,962,298,18,Office Supplies,Binders,Credit Card,2022-07-23,Illinois,Springfield,2022-07,Matthew Parker,CID-10960,PID-10960,LID-10960,DID-10960,2022-07,2022,7,3
OID-10961,2995,220,14,Furniture,Bookcases,Credit Card,2024-09-13,New York,Buffalo,2024-09,Paul Bryant,CID-10961,PID-10961,LID-10961,DID-10961,2024-09,2024,9,3
OID-10962,2047,914,5,Office Supplies,Markers,Debit Card,2024-09-13,New York,Buffalo,2024-09,Paul Bryant,CID-10962,PID-10962,LID-10962,DID-10962,2024-09,2024,9,3
OID-10963,2078,612,6,Electronics,Laptops,COD,2022-01-25,Texas,Austin,2022-01,Bruce Dennis,CID-10963,PID-10963,LID-10963,DID-10963,2022-01,2022,1,1
OID-10964,2737,1253,3,Electronics,Printers,EMI,2021-04-19,New York,New York City,2021-04,Joseph Bates,CID-10964,PID-10964,LID-10964,DID-10964,2021-04,2021,4,2
OID-10965,8194,2881,6,Office Supplies,Paper,Debit Card,2021-07-18,Texas,Houston,2021-07,Kelly Pacheco,CID-10965,PID-10965,LID-10965,DID-10965,2021-07,2021,7,3
OID-10966,9914,3858,16,Furniture,Sofas,Credit Card,2022-06-24,New York,Buffalo,2022-06,Jeffrey Weber,CID-10966,PID-10966,LID-10966,DID-10966,2022-06,2022,6,2
OID-10967,9914,3858,16,Furniture,Sofas,Credit Card,2024-06-08,New York,Rochester,2024-06,Andrew Krueger,CID-10967,PID-10967,LID-10967,DID-10967,2024-06,2024,6,2
OID-10968,5470,292,7,Office Supplies,Pens,Debit Card,2022-06-24,New York,Buffalo,2022-06,Jeffrey Weber,CID-10968,PID-10968,LID-10968,DID-10968,2022-06,2022,6,2
OID-10969,5470,292,7,Office Supplies,Pens,Debit Card,2024-06-08,New York,Rochester,2024-06,Andrew Krueger,CID-10969,PID-10969,LID-10969,DID-10969,2024-06,2024,6,2
OID-10970,1496,662,17,Furniture,Bookcases,UPI,2022-06-24,New York,Buffalo,2022-06,Jeffrey Weber,CID-10970,PID-10970,LID-10970,DID-10970,2022-06,2022,6,2
OID-10971,1496,662,17,Furniture,Bookcases,UPI,2024-06-08,New York,Rochester,2024-06,Andrew Krueger,CID-10971,PID-10971,LID-10971,DID-10971,2024-06,2024,6,2
OID-10972,3228,476,9,Office Supplies,Paper,COD,2022-09-29,New York,New York City,2022-09,Kathleen Cox,CID-10972,PID-10972,LID-10972,DID-10972,2022-09,2022,9,3
OID-10973,3918,749,8,Electronics,Laptops,Credit Card,2023-05-10,California,San Diego,2023-05,Jamie Bradley,CID-10973,PID-10973,LID-10973,DID-10973,2023-05,2023,5,2
OID-10974,3918,749,8,Electronics,Laptops,Credit Card,2020-05-02,Texas,Houston,2020-05,Robert Martinez,CID-10974,PID-10974,LID-10974,DID-10974,2020-05,2020,5,2
OID-10975,9921,1451,15,Furniture,Sofas,EMI,2021-04-12,Illinois,Chicago,2021-04,Christopher Rogers,CID-10975,PID-10975,LID-10975,DID-10975,2021-04,2021,4,2
OID-10976,9694,4361,1,Furniture,Chairs,EMI,2023-11-04,Illinois,Springfield,2023-11,Roberto Parrish,CID-10976,PID-10976,LID-10976,DID-10976,2023-11,2023,11,4
OID-10977,5028,1553,13,Office Supplies,Paper,EMI,2020-05-04,Florida,Tampa,2020-05,Amber Kennedy,CID-10977,PID-10977,LID-10977,DID-10977,2020-05,2020,5,2
OID-10978,594,67,19,Office Supplies,Paper,Debit Card,2023-09-10,New York,Buffalo,2023-09,Maria Davis,CID-10978,PID-10978,LID-10978,DID-10978,2023-09,2023,9,3
OID-10979,594,67,19,Office Supplies,Paper,Debit Card,2024-01-05,Florida,Miami,2024-01,Terry Gilbert,CID-10979,PID-10979,LID-10979,DID-10979,2024-01,2024,1,1
OID-10980,594,67,19,Office Supplies,Paper,Debit Card,2024-05-08,Texas,Austin,2024-05,Devon Schmitt,CID-10980,PID-10980,LID-10980,DID-10980,2024-05,2024,5,2
OID-10981,5954,2618,11,Furniture,Tables,COD,2024-03-30,Ohio,Cincinnati,2024-03,Robert Mosley,CID-10981,PID-10981,LID-10981,DID-10981,2024-03,2024,3,1
OID-10982,3518,1051,3,Furniture,Bookcases,UPI,2020-09-10,California,San Francisco,2020-09,Paul Scott,CID-10982,PID-10982,LID-10982,DID-10982,2020-09,2020,9,3
OID-10983,4157,1874,8,Electronics,Laptops,EMI,2020-09-10,California,San Francisco,2020-09,Paul Scott,CID-10983,PID-10983,LID-10983,DID-10983,2020-09,2020,9,3
OID-10984,3747,410,5,Office Supplies,Markers,Credit Card,2020-07-12,Illinois,Springfield,2020-07,Kristin Alvarez,CID-10984,PID-10984,LID-10984,DID-10984,2020-07,2020,7,3
OID-10985,3747,410,5,Office Supplies,Markers,Credit Card,2022-12-08,New York,Buffalo,2022-12,Kevin Jackson,CID-10985,PID-10985,LID-10985,DID-10985,2022-12,2022,12,4
OID-10986,3747,410,5,Office Supplies,Markers,Credit Card,2024-03-27,Ohio,Columbus,2024-03,Mrs. Lauren Potter DDS,CID-10986,PID-10986,LID-10986,DID-10986,2024-03,2024,3,1
OID-10987,3747,410,5,Office Supplies,Markers,Credit Card,2023-02-17,Illinois,Chicago,2023-02,Jason Brown,CID-10987,PID-10987,LID-10987,DID-10987,2023-02,2023,2,1
OID-10988,3747,410,5,Office Supplies,Markers,Credit Card,2021-07-21,California,Los Angeles,2021-07,Jamie Santos,CID-10988,PID-10988,LID-10988,DID-10988,2021-07,2021,7,3
OID-10989,3194,534,4,Office Supplies,Binders,UPI,2020-07-12,Illinois,Springfield,2020-07,Kristin Alvarez,CID-10989,PID-10989,LID-10989,DID-10989,2020-07,2020,7,3
OID-10990,3194,534,4,Office Supplies,Binders,UPI,2022-12-08,New York,Buffalo,2022-12,Kevin Jackson,CID-10990,PID-10990,LID-10990,DID-10990,2022-12,2022,12,4
OID-10991,3194,534,4,Office Supplies,Binders,UPI,2024-03-27,Ohio,Columbus,2024-03,Mrs. Lauren Potter DDS,CID-10991,PID-10991,LID-10991,DID-10991,2024-03,2024,3,1
OID-10992,3194,534,4,Office Supplies,Binders,UPI,2023-02-17,Illinois,Chicago,2023-02,Jason Brown,CID-10992,PID-10992,LID-10992,DID-10992,2023-02,2023,2,1
OID-10993,3194,534,4,Office Supplies,Binders,UPI,2021-07-21,California,Los Angeles,2021-07,Jamie Santos,CID-10993,PID-10993,LID-10993,DID-10993,2021-07,2021,7,3
OID-10994,8548,2305,1,Office Supplies,Binders,COD,2022-10-30,Florida,Tampa,2022-10,James Taylor,CID-10994,PID-10994,LID-10994,DID-10994,2022-10,2022,10,4
OID-10995,6089,139,19,Furniture,Tables,Debit Card,2020-12-31,Ohio,Cincinnati,2020-12,Alicia Vincent,CID-10995,PID-10995,LID-10995,DID-10995,2020-12,2020,12,4
OID-10996,6089,139,19,Furniture,Tables,Debit Card,2022-04-15,Ohio,Cleveland,2022-04,Kenneth Adams,CID-10996,PID-10996,LID-10996,DID-10996,2022-04,2022,4,2
OID-10997,6089,139,19,Furniture,Tables,Debit Card,2023-04-05,Illinois,Chicago,2023-04,Shelby Browning,CID-10997,PID-10997,LID-10997,DID-10997,2023-04,2023,4,2
OID-10998,2586,800,16,Furniture,Tables,UPI,2020-12-31,Ohio,Cincinnati,2020-12,Alicia Vincent,CID-10998,PID-10998,LID-10998,DID-10998,2020-12,2020,12,4
OID-10999,2586,800,16,Furniture,Tables,UPI,2022-04-15,Ohio,Cleveland,2022-04,Kenneth Adams,CID-10999,PID-10999,LID-10999,DID-10999,2022-04,2022,4,2
OID-11000,2586,800,16,Furniture,Tables,UPI,2023-04-05,Illinois,Chicago,2023-04,Shelby Browning,CID-11000,PID-11000,LID-11000,DID-11000,2023-04,2023,4,2
OID-11001,3757,1626,9,Office Supplies,Paper,UPI,2020-12-31,Ohio,Cincinnati,2020-12,Alicia Vincent,CID-11001,PID-11001,LID-11001,DID-11001,2020-12,2020,12,4
OID-11002,3757,1626,9,Office Supplies,Paper,UPI,2022-04-15,Ohio,Cleveland,2022-04,Kenneth Adams,CID-11002,PID-11002,LID-11002,DID-11002,2022-04,2022,4,2
OID-11003,3757,1626,9,Office Supplies,Paper,UPI,2023-04-05,Illinois,Chicago,2023-04,Shelby Browning,CID-11003,PID-11003,LID-11003,DID-11003,2023-04,2023,4,2
OID-11004,5193,2530,5,Furniture,Sofas,Debit Card,2021-10-29,California,San Diego,2021-10,Johnny Hill,CID-11004,PID-11004,LID-11004,DID-11004,2021-10,2021,10,4
OID-11005,5193,2530,5,Furniture,Sofas,Debit Card,2024-12-29,Florida,Miami,2024-12,Nicholas Tucker,CID-11005,PID-11005,LID-11005,DID-11005,2024-12,2024,12,4
OID-11006,7493,96,3,Electronics,Electronic Games,UPI,2020-08-11,Ohio,Cleveland,2020-08,Theresa Cline,CID-11006,PID-11006,LID-11006,DID-11006,2020-08,2020,8,3
OID-11007,2062,848,6,Office Supplies,Markers,Credit Card,2024-03-04,Florida,Tampa,2024-03,Christine Wheeler,CID-11007,PID-11007,LID-11007,DID-11007,2024-03,2024,3,1
OID-11008,7163,1536,1,Electronics,Phones,EMI,2023-10-17,California,San Diego,2023-10,Carlos Wells,CID-11008,PID-11008,LID-11008,DID-11008,2023-10,2023,10,4
OID-11009,4026,163,6,Electronics,Phones,COD,2023-07-28,New York,New York City,2023-07,Randall Bell,CID-11009,PID-11009,LID-11009,DID-11009,2023-07,2023,7,3
OID-11010,1894,275,5,Furniture,Chairs,Credit Card,2021-11-27,Florida,Miami,2021-11,Kendra Mckinney,CID-11010,PID-11010,LID-11010,DID-11010,2021-11,2021,11,4
OID-11011,7144,192,13,Electronics,Electronic Games,Credit Card,2021-11-27,Florida,Miami,2021-11,Kendra Mckinney,CID-11011,PID-11011,LID-11011,DID-11011,2021-11,2021,11,4
OID-11012,3482,1554,15,Electronics,Laptops,Debit Card,2020-09-09,Ohio,Columbus,2020-09,Amanda Kim,CID-11012,PID-11012,LID-11012,DID-11012,2020-09,2020,9,3
OID-11013,4172,235,5,Office Supplies,Paper,EMI,2021-06-02,Ohio,Cleveland,2021-06,Megan Morgan,CID-11013,PID-11013,LID-11013,DID-11013,2021-06,2021,6,2
OID-11014,4172,235,5,Office Supplies,Paper,EMI,2022-08-22,Florida,Orlando,2022-08,Vincent Kramer,CID-11014,PID-11014,LID-11014,DID-11014,2022-08,2022,8,3
OID-11015,4172,235,5,Office Supplies,Paper,EMI,2024-04-16,Illinois,Springfield,2024-04,Raymond Bean,CID-11015,PID-11015,LID-11015,DID-11015,2024-04,2024,4,2
OID-11016,6265,155,8,Furniture,Sofas,COD,2022-08-23,Ohio,Cincinnati,2022-08,Reginald Hebert,CID-11016,PID-11016,LID-11016,DID-11016,2022-08,2022,8,3
OID-11017,6265,155,8,Furniture,Sofas,COD,2021-03-12,Ohio,Cleveland,2021-03,Jeremy Vazquez,CID-11017,PID-11017,LID-11017,DID-11017,2021-03,2021,3,1
OID-11018,2931,212,7,Electronics,Electronic Games,Credit Card,2024-06-26,Illinois,Peoria,2024-06,Michael Stewart,CID-11018,PID-11018,LID-11018,DID-11018,2024-06,2024,6,2
OID-11019,2931,212,7,Electronics,Electronic Games,Credit Card,2023-12-08,Florida,Tampa,2023-12,Kevin Johnson,CID-11019,PID-11019,LID-11019,DID-11019,2023-12,2023,12,4
OID-11020,1146,188,9,Furniture,Chairs,Debit Card,2024-11-27,Florida,Tampa,2024-11,Tara Hughes,CID-11020,PID-11020,LID-11020,DID-11020,2024-11,2024,11,4
OID-11021,9215,767,13,Electronics,Printers,COD,2022-01-10,Florida,Tampa,2022-01,Sandra Perkins,CID-11021,PID-11021,LID-11021,DID-11021,2022-01,2022,1,1
OID-11022,9215,767,13,Electronics,Printers,COD,2021-11-01,California,San Francisco,2021-11,Heather Bell,CID-11022,PID-11022,LID-11022,DID-11022,2021-11,2021,11,4
OID-11023,7895,1005,1,Furniture,Chairs,Credit Card,2023-10-28,Ohio,Cincinnati,2023-10,Nancy Boyd,CID-11023,PID-11023,LID-11023,DID-11023,2023-10,2023,10,4
OID-11024,7895,1005,1,Furniture,Chairs,Credit Card,2025-03-01,California,San Diego,2025-03,Raymond Reyes,CID-11024,PID-11024,LID-11024,DID-11024,2025-03,2025,3,1
OID-11025,2740,558,8,Office Supplies,Pens,UPI,2023-10-28,Ohio,Cincinnati,2023-10,Nancy Boyd,CID-11025,PID-11025,LID-11025,DID-11025,2023-10,2023,10,4
OID-11026,2740,558,8,Office Supplies,Pens,UPI,2025-03-01,California,San Diego,2025-03,Raymond Reyes,CID-11026,PID-11026,LID-11026,DID-11026,2025-03,2025,3,1
OID-11027,5338,1354,16,Office Supplies,Markers,UPI,2024-08-01,Illinois,Peoria,2024-08,Cassandra Jordan,CID-11027,PID-11027,LID-11027,DID-11027,2024-08,2024,8,3
OID-11028,5338,1354,16,Office Supplies,Markers,UPI,2023-06-07,New York,Buffalo,2023-06,Evelyn Harris,CID-11028,PID-11028,LID-11028,DID-11028,2023-06,2023,6,2
OID-11029,5338,1354,16,Office Supplies,Markers,UPI,2024-10-21,Florida,Orlando,2024-10,Shannon Maynard,CID-11029,PID-11029,LID-11029,DID-11029,2024-10,2024,10,4
OID-11030,5338,1354,16,Office Supplies,Markers,UPI,2021-01-04,New York,Buffalo,2021-01,Marie James,CID-11030,PID-11030,LID-11030,DID-11030,2021-01,2021,1,1
OID-11031,3095,941,2,Office Supplies,Pens,EMI,2022-04-19,Ohio,Cleveland,2022-04,Maria Carroll,CID-11031,PID-11031,LID-11031,DID-11031,2022-04,2022,4,2
OID-11032,3095,941,2,Office Supplies,Pens,EMI,2022-08-11,Texas,Austin,2022-08,Jessica Sloan,CID-11032,PID-11032,LID-11032,DID-11032,2022-08,2022,8,3
OID-11033,6017,2230,13,Electronics,Printers,Debit Card,2023-08-04,Illinois,Peoria,2023-08,Scott Craig,CID-11033,PID-11033,LID-11033,DID-11033,2023-08,2023,8,3
OID-11034,4904,469,2,Office Supplies,Pens,Debit Card,2020-04-25,Texas,Dallas,2020-04,Kaitlin Brown,CID-11034,PID-11034,LID-11034,DID-11034,2020-04,2020,4,2
OID-11035,3080,737,6,Office Supplies,Binders,UPI,2020-04-25,Texas,Dallas,2020-04,Kaitlin Brown,CID-11035,PID-11035,LID-11035,DID-11035,2020-04,2020,4,2
OID-11036,1992,355,2,Electronics,Phones,COD,2024-12-14,Florida,Tampa,2024-12,William Beck,CID-11036,PID-11036,LID-11036,DID-11036,2024-12,2024,12,4
OID-11037,5346,1246,17,Furniture,Sofas,EMI,2022-07-25,Florida,Orlando,2022-07,Eric Mason,CID-11037,PID-11037,LID-11037,DID-11037,2022-07,2022,7,3
OID-11038,5346,1246,17,Furniture,Sofas,EMI,2022-05-07,Florida,Miami,2022-05,Lisa Lowe,CID-11038,PID-11038,LID-11038,DID-11038,2022-05,2022,5,2
OID-11039,8422,893,18,Electronics,Printers,Debit Card,2022-08-11,California,San Francisco,2022-08,Roy Miller,CID-11039,PID-11039,LID-11039,DID-11039,2022-08,2022,8,3
OID-11040,8422,893,18,Electronics,Printers,Debit Card,2022-08-12,Ohio,Columbus,2022-08,Christopher Espinoza,CID-11040,PID-11040,LID-11040,DID-11040,2022-08,2022,8,3
OID-11041,6105,1447,8,Furniture,Bookcases,Credit Card,2022-08-11,California,San Francisco,2022-08,Roy Miller,CID-11041,PID-11041,LID-11041,DID-11041,2022-08,2022,8,3
OID-11042,6105,1447,8,Furniture,Bookcases,Credit Card,2022-08-12,Ohio,Columbus,2022-08,Christopher Espinoza,CID-11042,PID-11042,LID-11042,DID-11042,2022-08,2022,8,3
OID-11043,670,85,9,Office Supplies,Pens,EMI,2023-08-21,Texas,Houston,2023-08,Claire Cole,CID-11043,PID-11043,LID-11043,DID-11043,2023-08,2023,8,3
OID-11044,4057,1012,6,Electronics,Laptops,Credit Card,2022-09-12,California,San Diego,2022-09,Eric Nunez,CID-11044,PID-11044,LID-11044,DID-11044,2022-09,2022,9,3
OID-11045,8178,2462,10,Office Supplies,Pens,UPI,2023-08-20,California,Los Angeles,2023-08,David Bell,CID-11045,PID-11045,LID-11045,DID-11045,2023-08,2023,8,3
OID-11046,8752,1686,9,Furniture,Tables,Debit Card,2020-12-27,Ohio,Cincinnati,2020-12,Patrick Hensley MD,CID-11046,PID-11046,LID-11046,DID-11046,2020-12,2020,12,4
OID-11047,8752,1686,9,Furniture,Tables,Debit Card,2023-09-04,Illinois,Peoria,2023-09,John Cox,CID-11047,PID-11047,LID-11047,DID-11047,2023-09,2023,9,3
OID-11048,8752,1686,9,Furniture,Tables,Debit Card,2022-01-08,Illinois,Chicago,2022-01,Michelle Sullivan,CID-11048,PID-11048,LID-11048,DID-11048,2022-01,2022,1,1
OID-11049,8974,4441,16,Electronics,Printers,EMI,2023-06-05,New York,New York City,2023-06,Angela Todd,CID-11049,PID-11049,LID-11049,DID-11049,2023-06,2023,6,2
OID-11050,9090,3098,16,Electronics,Phones,Credit Card,2021-04-01,Texas,Dallas,2021-04,Luke Saunders,CID-11050,PID-11050,LID-11050,DID-11050,2021-04,2021,4,2
OID-11051,9090,3098,16,Electronics,Phones,Credit Card,2024-05-28,Illinois,Springfield,2024-05,Dr. Jennifer Benton DVM,CID-11051,PID-11051,LID-11051,DID-11051,2024-05,2024,5,2
OID-11052,851,356,11,Electronics,Electronic Games,Credit Card,2021-04-01,Texas,Dallas,2021-04,Luke Saunders,CID-11052,PID-11052,LID-11052,DID-11052,2021-04,2021,4,2
OID-11053,851,356,11,Electronics,Electronic Games,Credit Card,2024-05-28,Illinois,Springfield,2024-05,Dr. Jennifer Benton DVM,CID-11053,PID-11053,LID-11053,DID-11053,2024-05,2024,5,2
OID-11054,5427,728,3,Electronics,Phones,UPI,2023-03-09,Florida,Miami,2023-03,Keith Smith,CID-11054,PID-11054,LID-11054,DID-11054,2023-03,2023,3,1
OID-11055,2695,914,15,Furniture,Bookcases,Debit Card,2022-07-28,Illinois,Peoria,2022-07,Danielle Mitchell,CID-11055,PID-11055,LID-11055,DID-11055,2022-07,2022,7,3
OID-11056,2695,914,15,Furniture,Bookcases,Debit Card,2021-06-17,California,Los Angeles,2021-06,Jesus Hernandez,CID-11056,PID-11056,LID-11056,DID-11056,2021-06,2021,6,2
OID-11057,2386,999,3,Office Supplies,Pens,COD,2024-02-13,Florida,Miami,2024-02,Jason Norman,CID-11057,PID-11057,LID-11057,DID-11057,2024-02,2024,2,1
OID-11058,2284,149,20,Office Supplies,Pens,Debit Card,2021-08-06,New York,Rochester,2021-08,Laura Poole,CID-11058,PID-11058,LID-11058,DID-11058,2021-08,2021,8,3
OID-11059,6034,608,8,Electronics,Phones,EMI,2022-05-01,Texas,Houston,2022-05,Sarah Wagner,CID-11059,PID-11059,LID-11059,DID-11059,2022-05,2022,5,2
OID-11060,8956,3359,13,Furniture,Bookcases,Credit Card,2022-05-01,Texas,Houston,2022-05,Sarah Wagner,CID-11060,PID-11060,LID-11060,DID-11060,2022-05,2022,5,2
OID-11061,7122,1982,7,Office Supplies,Markers,EMI,2024-03-11,Illinois,Peoria,2024-03,Bryan Baird,CID-11061,PID-11061,LID-11061,DID-11061,2024-03,2024,3,1
OID-11062,9775,4507,5,Office Supplies,Markers,UPI,2020-07-06,Ohio,Cincinnati,2020-07,Amy Thompson,CID-11062,PID-11062,LID-11062,DID-11062,2020-07,2020,7,3
OID-11063,3309,177,13,Furniture,Bookcases,EMI,2020-12-17,Ohio,Cleveland,2020-12,Ashley Wright,CID-11063,PID-11063,LID-11063,DID-11063,2020-12,2020,12,4
OID-11064,4163,897,14,Electronics,Electronic Games,COD,2022-08-30,Illinois,Springfield,2022-08,Michelle Lynch,CID-11064,PID-11064,LID-11064,DID-11064,2022-08,2022,8,3
OID-11065,4163,897,14,Electronics,Electronic Games,COD,2025-02-27,Ohio,Cleveland,2025-02,Ryan Hale,CID-11065,PID-11065,LID-11065,DID-11065,2025-02,2025,2,1
OID-11066,4163,897,14,Electronics,Electronic Games,COD,2021-06-05,Florida,Orlando,2021-06,Marie Jefferson,CID-11066,PID-11066,LID-11066,DID-11066,2021-06,2021,6,2
OID-11067,5518,867,7,Furniture,Sofas,UPI,2022-12-22,Texas,Houston,2022-12,Vanessa Smith,CID-11067,PID-11067,LID-11067,DID-11067,2022-12,2022,12,4
OID-11068,7566,606,6,Electronics,Phones,Debit Card,2025-01-25,Ohio,Columbus,2025-01,Ryan Foster,CID-11068,PID-11068,LID-11068,DID-11068,2025-01,2025,1,1
OID-11069,7566,606,6,Electronics,Phones,Debit Card,2025-02-14,California,San Diego,2025-02,David Lara,CID-11069,PID-11069,LID-11069,DID-11069,2025-02,2025,2,1
OID-11070,762,92,11,Electronics,Printers,COD,2023-01-06,Illinois,Springfield,2023-01,Jonathan Young,CID-11070,PID-11070,LID-11070,DID-11070,2023-01,2023,1,1
OID-11071,3316,126,6,Electronics,Laptops,COD,2020-10-11,Ohio,Cincinnati,2020-10,Debra Townsend,CID-11071,PID-11071,LID-11071,DID-11071,2020-10,2020,10,4
OID-11072,5994,2826,9,Furniture,Bookcases,EMI,2023-05-24,California,San Francisco,2023-05,John Thomas,CID-11072,PID-11072,LID-11072,DID-11072,2023-05,2023,5,2
OID-11073,5994,2826,9,Furniture,Bookcases,EMI,2024-03-12,California,Los Angeles,2024-03,Bryan Anderson,CID-11073,PID-11073,LID-11073,DID-11073,2024-03,2024,3,1
OID-11074,5994,2826,9,Furniture,Bookcases,EMI,2024-03-17,New York,New York City,2024-03,Sarah Miller,CID-11074,PID-11074,LID-11074,DID-11074,2024-03,2024,3,1
OID-11075,3854,245,19,Electronics,Laptops,COD,2022-05-17,Ohio,Columbus,2022-05,Robert Hill,CID-11075,PID-11075,LID-11075,DID-11075,2022-05,2022,5,2
OID-11076,7019,2677,15,Office Supplies,Markers,UPI,2020-12-21,Florida,Miami,2020-12,Joshua Rojas,CID-11076,PID-11076,LID-11076,DID-11076,2020-12,2020,12,4
OID-11077,5954,2640,14,Electronics,Laptops,Credit Card,2021-08-24,New York,New York City,2021-08,Angelica Lewis,CID-11077,PID-11077,LID-11077,DID-11077,2021-08,2021,8,3
OID-11078,5954,2640,14,Electronics,Laptops,Credit Card,2022-10-22,Texas,Dallas,2022-10,Jessica Russell,CID-11078,PID-11078,LID-11078,DID-11078,2022-10,2022,10,4
OID-11079,9752,3618,5,Furniture,Bookcases,Debit Card,2024-02-21,New York,Rochester,2024-02,Mary Johnson,CID-11079,PID-11079,LID-11079,DID-11079,2024-02,2024,2,1
OID-11080,9752,3618,5,Furniture,Bookcases,Debit Card,2022-10-31,Illinois,Peoria,2022-10,Joseph Knight,CID-11080,PID-11080,LID-11080,DID-11080,2022-10,2022,10,4
OID-11081,5335,322,15,Electronics,Electronic Games,COD,2022-05-15,New York,New York City,2022-05,Jessica Greene,CID-11081,PID-11081,LID-11081,DID-11081,2022-05,2022,5,2
OID-11082,1454,80,20,Electronics,Electronic Games,Credit Card,2022-07-22,New York,Rochester,2022-07,Vincent Perez,CID-11082,PID-11082,LID-11082,DID-11082,2022-07,2022,7,3
OID-11083,6724,1539,19,Furniture,Bookcases,COD,2021-12-13,California,San Francisco,2021-12,Dennis Rivera,CID-11083,PID-11083,LID-11083,DID-11083,2021-12,2021,12,4
OID-11084,6724,1539,19,Furniture,Bookcases,COD,2021-06-03,Texas,Dallas,2021-06,Nancy Keller,CID-11084,PID-11084,LID-11084,DID-11084,2021-06,2021,6,2
OID-11085,9874,3895,4,Office Supplies,Binders,EMI,2025-02-24,Ohio,Cleveland,2025-02,Michelle Anderson,CID-11085,PID-11085,LID-11085,DID-11085,2025-02,2025,2,1
OID-11086,4918,1485,7,Electronics,Phones,UPI,2023-02-02,Florida,Tampa,2023-02,Anthony May,CID-11086,PID-11086,LID-11086,DID-11086,2023-02,2023,2,1
OID-11087,3189,1180,19,Office Supplies,Paper,Credit Card,2021-12-31,New York,New York City,2021-12,Michelle Guerra,CID-11087,PID-11087,LID-11087,DID-11087,2021-12,2021,12,4
OID-11088,2684,713,2,Electronics,Electronic Games,UPI,2024-06-15,New York,New York City,2024-06,Meghan Ballard,CID-11088,PID-11088,LID-11088,DID-11088,2024-06,2024,6,2
OID-11089,2684,713,2,Electronics,Electronic Games,UPI,2022-06-05,New York,Buffalo,2022-06,Brian Wheeler,CID-11089,PID-11089,LID-11089,DID-11089,2022-06,2022,6,2
OID-11090,2684,713,2,Electronics,Electronic Games,UPI,2020-05-11,Texas,Dallas,2020-05,William Rosario,CID-11090,PID-11090,LID-11090,DID-11090,2020-05,2020,5,2
OID-11091,7626,229,5,Office Supplies,Pens,EMI,2024-02-11,Illinois,Springfield,2024-02,Jessica Hunt,CID-11091,PID-11091,LID-11091,DID-11091,2024-02,2024,2,1
OID-11092,7626,229,5,Office Supplies,Pens,EMI,2020-11-25,Ohio,Columbus,2020-11,Tony Chavez,CID-11092,PID-11092,LID-11092,DID-11092,2020-11,2020,11,4
OID-11093,6669,3063,19,Electronics,Printers,UPI,2023-08-12,Ohio,Cincinnati,2023-08,Mary Crawford,CID-11093,PID-11093,LID-11093,DID-11093,2023-08,2023,8,3
OID-11094,6123,1686,3,Office Supplies,Markers,Credit Card,2022-05-06,Ohio,Cincinnati,2022-05,Roger Morrison,CID-11094,PID-11094,LID-11094,DID-11094,2022-05,2022,5,2
OID-11095,3265,1390,16,Office Supplies,Paper,Credit Card,2024-01-17,California,Los Angeles,2024-01,Bethany Harrison,CID-11095,PID-11095,LID-11095,DID-11095,2024-01,2024,1,1
OID-11096,8104,1039,6,Office Supplies,Markers,COD,2021-11-24,Florida,Orlando,2021-11,Lisa Mcintyre,CID-11096,PID-11096,LID-11096,DID-11096,2021-11,2021,11,4
OID-11097,8104,1039,6,Office Supplies,Markers,COD,2021-10-06,Florida,Miami,2021-10,Carolyn Gonzalez,CID-11097,PID-11097,LID-11097,DID-11097,2021-10,2021,10,4
OID-11098,8104,1039,6,Office Supplies,Markers,COD,2025-01-27,California,San Francisco,2025-01,Christina Oconnell,CID-11098,PID-11098,LID-11098,DID-11098,2025-01,2025,1,1
OID-11099,847,355,17,Furniture,Tables,COD,2022-05-23,New York,Buffalo,2022-05,James Garcia,CID-11099,PID-11099,LID-11099,DID-11099,2022-05,2022,5,2
OID-11100,847,355,17,Furniture,Tables,COD,2023-11-28,Texas,Austin,2023-11,Emily Frederick,CID-11100,PID-11100,LID-11100,DID-11100,2023-11,2023,11,4
OID-11101,847,355,17,Furniture,Tables,COD,2023-01-18,California,San Francisco,2023-01,Shawn Wise,CID-11101,PID-11101,LID-11101,DID-11101,2023-01,2023,1,1
OID-11102,3129,55,9,Furniture,Bookcases,Debit Card,2021-09-06,Illinois,Peoria,2021-09,Carrie Alvarez,CID-11102,PID-11102,LID-11102,DID-11102,2021-09,2021,9,3
OID-11103,7821,3821,13,Electronics,Laptops,EMI,2021-09-06,Illinois,Peoria,2021-09,Carrie Alvarez,CID-11103,PID-11103,LID-11103,DID-11103,2021-09,2021,9,3
OID-11104,9498,256,12,Electronics,Phones,COD,2021-02-22,Illinois,Peoria,2021-02,Matthew James,CID-11104,PID-11104,LID-11104,DID-11104,2021-02,2021,2,1
OID-11105,9498,256,12,Electronics,Phones,COD,2021-10-06,New York,New York City,2021-10,Jerry Alvarado,CID-11105,PID-11105,LID-11105,DID-11105,2021-10,2021,10,4
OID-11106,5461,1214,7,Furniture,Sofas,Credit Card,2020-06-07,New York,Rochester,2020-06,Paul Zimmerman,CID-11106,PID-11106,LID-11106,DID-11106,2020-06,2020,6,2
OID-11107,3084,611,19,Furniture,Bookcases,UPI,2024-05-21,Texas,Dallas,2024-05,Carl Ryan,CID-11107,PID-11107,LID-11107,DID-11107,2024-05,2024,5,2
OID-11108,6087,3043,1,Furniture,Sofas,COD,2020-08-05,New York,Buffalo,2020-08,Kelly Roberts,CID-11108,PID-11108,LID-11108,DID-11108,2020-08,2020,8,3
OID-11109,611,300,3,Furniture,Bookcases,Credit Card,2020-10-15,Illinois,Peoria,2020-10,Jack Woods,CID-11109,PID-11109,LID-11109,DID-11109,2020-10,2020,10,4
OID-11110,9909,2999,18,Office Supplies,Markers,COD,2021-05-15,Ohio,Cleveland,2021-05,Albert Alexander Jr.,CID-11110,PID-11110,LID-11110,DID-11110,2021-05,2021,5,2
OID-11111,9909,2999,18,Office Supplies,Markers,COD,2022-01-13,Texas,Austin,2022-01,Teresa Perez,CID-11111,PID-11111,LID-11111,DID-11111,2022-01,2022,1,1
OID-11112,6485,3178,18,Furniture,Sofas,UPI,2023-07-18,Ohio,Columbus,2023-07,Amanda Williams,CID-11112,PID-11112,LID-11112,DID-11112,2023-07,2023,7,3
OID-11113,7259,1969,10,Electronics,Laptops,Credit Card,2022-12-08,Illinois,Springfield,2022-12,Kristen Lawson,CID-11113,PID-11113,LID-11113,DID-11113,2022-12,2022,12,4
OID-11114,3333,700,18,Electronics,Printers,COD,2023-04-17,Florida,Miami,2023-04,Jacob Stewart,CID-11114,PID-11114,LID-11114,DID-11114,2023-04,2023,4,2
OID-11115,7786,1202,4,Furniture,Sofas,EMI,2020-06-23,Illinois,Peoria,2020-06,Daniel Brooks,CID-11115,PID-11115,LID-11115,DID-11115,2020-06,2020,6,2
OID-11116,7644,2428,6,Electronics,Phones,Debit Card,2022-01-20,Illinois,Springfield,2022-01,Aaron Dunn,CID-11116,PID-11116,LID-11116,DID-11116,2022-01,2022,1,1
OID-11117,1476,247,5,Furniture,Bookcases,COD,2023-11-18,California,Los Angeles,2023-11,Jacob Martinez,CID-11117,PID-11117,LID-11117,DID-11117,2023-11,2023,11,4
OID-11118,1476,247,5,Furniture,Bookcases,COD,2022-01-19,California,San Diego,2022-01,Raymond Burgess,CID-11118,PID-11118,LID-11118,DID-11118,2022-01,2022,1,1
OID-11119,3445,1405,16,Furniture,Sofas,EMI,2020-09-21,California,San Francisco,2020-09,Jennifer Cooke,CID-11119,PID-11119,LID-11119,DID-11119,2020-09,2020,9,3
OID-11120,9837,384,1,Electronics,Laptops,UPI,2020-09-21,California,San Francisco,2020-09,Jennifer Cooke,CID-11120,PID-11120,LID-11120,DID-11120,2020-09,2020,9,3
OID-11121,1314,457,8,Furniture,Sofas,EMI,2021-06-11,California,San Diego,2021-06,Tyrone White,CID-11121,PID-11121,LID-11121,DID-11121,2021-06,2021,6,2
OID-11122,5951,936,6,Electronics,Laptops,Debit Card,2024-08-07,Texas,Dallas,2024-08,Charles Williams,CID-11122,PID-11122,LID-11122,DID-11122,2024-08,2024,8,3
OID-11123,5951,936,6,Electronics,Laptops,Debit Card,2022-07-26,Ohio,Columbus,2022-07,Amy Page,CID-11123,PID-11123,LID-11123,DID-11123,2022-07,2022,7,3
OID-11124,992,177,6,Electronics,Phones,UPI,2024-01-13,California,Los Angeles,2024-01,Scott Gibbs,CID-11124,PID-11124,LID-11124,DID-11124,2024-01,2024,1,1
OID-11125,4699,625,18,Office Supplies,Markers,EMI,2024-01-13,California,Los Angeles,2024-01,Scott Gibbs,CID-11125,PID-11125,LID-11125,DID-11125,2024-01,2024,1,1
OID-11126,5557,2114,17,Electronics,Laptops,EMI,2021-05-28,Ohio,Cleveland,2021-05,Angela Roberts,CID-11126,PID-11126,LID-11126,DID-11126,2021-05,2021,5,2
OID-11127,3436,933,3,Electronics,Electronic Games,Credit Card,2021-06-13,Texas,Dallas,2021-06,Kyle Hernandez,CID-11127,PID-11127,LID-11127,DID-11127,2021-06,2021,6,2
OID-11128,9840,3870,11,Electronics,Printers,Debit Card,2023-04-25,Texas,Austin,2023-04,Cynthia Ferguson,CID-11128,PID-11128,LID-11128,DID-11128,2023-04,2023,4,2
OID-11129,7620,125,4,Office Supplies,Paper,EMI,2021-07-05,California,San Francisco,2021-07,Brandi Garcia,CID-11129,PID-11129,LID-11129,DID-11129,2021-07,2021,7,3
OID-11130,7620,125,4,Office Supplies,Paper,EMI,2024-10-12,California,San Francisco,2024-10,Matthew Blake,CID-11130,PID-11130,LID-11130,DID-11130,2024-10,2024,10,4
OID-11131,4314,1591,5,Furniture,Tables,Debit Card,2021-10-04,New York,Buffalo,2021-10,Lauren Howell,CID-11131,PID-11131,LID-11131,DID-11131,2021-10,2021,10,4
OID-11132,8851,999,12,Electronics,Laptops,UPI,2024-02-07,Ohio,Cincinnati,2024-02,Joseph Wilson,CID-11132,PID-11132,LID-11132,DID-11132,2024-02,2024,2,1
OID-11133,544,272,2,Electronics,Laptops,Debit Card,2021-03-05,Texas,Houston,2021-03,Tanner Vance,CID-11133,PID-11133,LID-11133,DID-11133,2021-03,2021,3,1
OID-11134,544,272,2,Electronics,Laptops,Debit Card,2023-06-25,New York,Buffalo,2023-06,Michael Nash,CID-11134,PID-11134,LID-11134,DID-11134,2023-06,2023,6,2
OID-11135,537,142,20,Office Supplies,Markers,EMI,2021-08-02,Illinois,Peoria,2021-08,Brent Thomas,CID-11135,PID-11135,LID-11135,DID-11135,2021-08,2021,8,3
OID-11136,5944,2661,7,Electronics,Laptops,EMI,2022-03-17,Texas,Austin,2022-03,Harold Mitchell,CID-11136,PID-11136,LID-11136,DID-11136,2022-03,2022,3,1
OID-11137,2258,135,18,Electronics,Printers,Credit Card,2024-02-07,Florida,Miami,2024-02,Ashley Palmer,CID-11137,PID-11137,LID-11137,DID-11137,2024-02,2024,2,1
OID-11138,2258,135,18,Electronics,Printers,Credit Card,2022-08-19,California,San Diego,2022-08,Stephen Hogan,CID-11138,PID-11138,LID-11138,DID-11138,2022-08,2022,8,3
OID-11139,9609,4339,3,Furniture,Sofas,Debit Card,2024-09-19,Texas,Houston,2024-09,George Ashley,CID-11139,PID-11139,LID-11139,DID-11139,2024-09,2024,9,3
OID-11140,9609,4339,3,Furniture,Sofas,Debit Card,2020-04-05,Ohio,Cincinnati,2020-04,Sara Bailey,CID-11140,PID-11140,LID-11140,DID-11140,2020-04,2020,4,2
OID-11141,9952,3301,15,Electronics,Electronic Games,Debit Card,2023-03-10,Texas,Dallas,2023-03,Tanya Thomas MD,CID-11141,PID-11141,LID-11141,DID-11141,2023-03,2023,3,1
OID-11142,9873,4585,7,Office Supplies,Paper,Credit Card,2020-08-10,Ohio,Columbus,2020-08,Maria Galvan,CID-11142,PID-11142,LID-11142,DID-11142,2020-08,2020,8,3
OID-11143,3560,1335,15,Electronics,Electronic Games,COD,2020-04-29,New York,New York City,2020-04,Duane Kelly,CID-11143,PID-11143,LID-11143,DID-11143,2020-04,2020,4,2
OID-11144,3560,1335,15,Electronics,Electronic Games,COD,2023-03-16,Illinois,Springfield,2023-03,Frank Reynolds,CID-11144,PID-11144,LID-11144,DID-11144,2023-03,2023,3,1
OID-11145,6528,76,9,Electronics,Phones,Debit Card,2020-05-04,New York,Buffalo,2020-05,Aaron Kim,CID-11145,PID-11145,LID-11145,DID-11145,2020-05,2020,5,2
OID-11146,8930,3374,12,Furniture,Sofas,Debit Card,2020-05-04,New York,Buffalo,2020-05,Aaron Kim,CID-11146,PID-11146,LID-11146,DID-11146,2020-05,2020,5,2
OID-11147,4521,1778,9,Office Supplies,Paper,Debit Card,2024-10-15,Florida,Tampa,2024-10,David Allen,CID-11147,PID-11147,LID-11147,DID-11147,2024-10,2024,10,4
OID-11148,7091,2317,10,Furniture,Sofas,Credit Card,2022-06-09,California,San Diego,2022-06,Monica Lee,CID-11148,PID-11148,LID-11148,DID-11148,2022-06,2022,6,2
OID-11149,2101,287,8,Office Supplies,Pens,COD,2020-07-04,Ohio,Cleveland,2020-07,Kimberly Fuller,CID-11149,PID-11149,LID-11149,DID-11149,2020-07,2020,7,3
OID-11150,2101,287,8,Office Supplies,Pens,COD,2023-04-09,Illinois,Chicago,2023-04,Erica Scott,CID-11150,PID-11150,LID-11150,DID-11150,2023-04,2023,4,2
OID-11151,8644,1968,9,Office Supplies,Paper,Debit Card,2023-11-24,Illinois,Chicago,2023-11,Melissa Mitchell,CID-11151,PID-11151,LID-11151,DID-11151,2023-11,2023,11,4
OID-11152,6672,3319,4,Furniture,Tables,UPI,2023-11-29,Texas,Dallas,2023-11,Joshua Murray,CID-11152,PID-11152,LID-11152,DID-11152,2023-11,2023,11,4
OID-11153,6672,3319,4,Furniture,Tables,UPI,2024-05-20,California,San Diego,2024-05,John Jones,CID-11153,PID-11153,LID-11153,DID-11153,2024-05,2024,5,2
OID-11154,4699,103,12,Office Supplies,Binders,UPI,2024-05-21,Ohio,Cincinnati,2024-05,Cheryl Johnson,CID-11154,PID-11154,LID-11154,DID-11154,2024-05,2024,5,2
OID-11155,4897,1001,14,Furniture,Sofas,Debit Card,2021-12-07,Texas,Houston,2021-12,Lisa Farmer,CID-11155,PID-11155,LID-11155,DID-11155,2021-12,2021,12,4
OID-11156,4897,1001,14,Furniture,Sofas,Debit Card,2025-01-06,Ohio,Cincinnati,2025-01,Christopher Walker,CID-11156,PID-11156,LID-11156,DID-11156,2025-01,2025,1,1
OID-11157,5460,2088,14,Furniture,Tables,Debit Card,2022-07-13,New York,Buffalo,2022-07,Elizabeth Coffey,CID-11157,PID-11157,LID-11157,DID-11157,2022-07,2022,7,3
OID-11158,5460,2088,14,Furniture,Tables,Debit Card,2020-04-19,Ohio,Cincinnati,2020-04,Joseph Clark,CID-11158,PID-11158,LID-11158,DID-11158,2020-04,2020,4,2
OID-11159,9272,1771,19,Office Supplies,Markers,UPI,2024-11-14,Illinois,Springfield,2024-11,Jamie Brewer,CID-11159,PID-11159,LID-11159,DID-11159,2024-11,2024,11,4
OID-11160,9272,1771,19,Office Supplies,Markers,UPI,2020-04-18,Texas,Dallas,2020-04,Lauren Boyer,CID-11160,PID-11160,LID-11160,DID-11160,2020-04,2020,4,2
OID-11161,7870,1057,15,Office Supplies,Pens,Credit Card,2023-10-18,Texas,Houston,2023-10,Howard Esparza,CID-11161,PID-11161,LID-11161,DID-11161,2023-10,2023,10,4
OID-11162,7870,1057,15,Office Supplies,Pens,Credit Card,2021-03-21,Ohio,Cleveland,2021-03,James Hickman,CID-11162,PID-11162,LID-11162,DID-11162,2021-03,2021,3,1
OID-11163,7992,893,12,Electronics,Laptops,Credit Card,2024-09-13,Ohio,Cleveland,2024-09,Jennifer Hernandez,CID-11163,PID-11163,LID-11163,DID-11163,2024-09,2024,9,3
OID-11164,7992,893,12,Electronics,Laptops,Credit Card,2023-05-04,New York,New York City,2023-05,Shannon Warren,CID-11164,PID-11164,LID-11164,DID-11164,2023-05,2023,5,2
OID-11165,7992,893,12,Electronics,Laptops,Credit Card,2023-05-31,Illinois,Chicago,2023-05,Ashley Aguilar,CID-11165,PID-11165,LID-11165,DID-11165,2023-05,2023,5,2
OID-11166,6499,2189,18,Electronics,Electronic Games,EMI,2024-06-15,New York,New York City,2024-06,Daniel Price,CID-11166,PID-11166,LID-11166,DID-11166,2024-06,2024,6,2
OID-11167,6499,2189,18,Electronics,Electronic Games,EMI,2021-04-03,Florida,Orlando,2021-04,James Perez,CID-11167,PID-11167,LID-11167,DID-11167,2021-04,2021,4,2
OID-11168,8848,2090,9,Office Supplies,Pens,Debit Card,2025-01-14,California,San Diego,2025-01,Jerry Smith,CID-11168,PID-11168,LID-11168,DID-11168,2025-01,2025,1,1
OID-11169,8044,3634,3,Office Supplies,Markers,COD,2020-12-24,Florida,Orlando,2020-12,Andre Fernandez,CID-11169,PID-11169,LID-11169,DID-11169,2020-12,2020,12,4
OID-11170,8044,3634,3,Office Supplies,Markers,COD,2022-10-07,California,San Diego,2022-10,Anthony West,CID-11170,PID-11170,LID-11170,DID-11170,2022-10,2022,10,4
OID-11171,7417,1334,16,Furniture,Bookcases,COD,2021-10-05,Florida,Tampa,2021-10,Amber Flowers,CID-11171,PID-11171,LID-11171,DID-11171,2021-10,2021,10,4
OID-11172,3451,658,3,Office Supplies,Markers,UPI,2024-12-28,Illinois,Chicago,2024-12,Patricia Davis,CID-11172,PID-11172,LID-11172,DID-11172,2024-12,2024,12,4
OID-11173,8531,2555,4,Electronics,Laptops,EMI,2022-05-14,Texas,Austin,2022-05,Jasmine Gibbs,CID-11173,PID-11173,LID-11173,DID-11173,2022-05,2022,5,2
OID-11174,6646,848,15,Furniture,Sofas,Debit Card,2023-08-19,New York,New York City,2023-08,Nicole Dudley,CID-11174,PID-11174,LID-11174,DID-11174,2023-08,2023,8,3
OID-11175,6646,848,15,Furniture,Sofas,Debit Card,2023-07-14,New York,Buffalo,2023-07,Lori Colon,CID-11175,PID-11175,LID-11175,DID-11175,2023-07,2023,7,3
OID-11176,2553,907,6,Electronics,Laptops,Credit Card,2023-06-22,Texas,Dallas,2023-06,William Carr,CID-11176,PID-11176,LID-11176,DID-11176,2023-06,2023,6,2
OID-11177,8490,3485,3,Electronics,Phones,Credit Card,2023-03-21,New York,New York City,2023-03,Jeffrey Dixon,CID-11177,PID-11177,LID-11177,DID-11177,2023-03,2023,3,1
OID-11178,2689,1330,3,Furniture,Tables,UPI,2020-12-13,California,Los Angeles,2020-12,Robert Sexton,CID-11178,PID-11178,LID-11178,DID-11178,2020-12,2020,12,4
OID-11179,2689,1330,3,Furniture,Tables,UPI,2024-05-29,Florida,Miami,2024-05,Brooke Gonzalez,CID-11179,PID-11179,LID-11179,DID-11179,2024-05,2024,5,2
OID-11180,815,54,14,Furniture,Tables,Debit Card,2021-05-25,California,San Francisco,2021-05,Victoria Bryant MD,CID-11180,PID-11180,LID-11180,DID-11180,2021-05,2021,5,2
OID-11181,5024,379,2,Office Supplies,Paper,UPI,2024-04-02,Texas,Dallas,2024-04,Nancy Kennedy,CID-11181,PID-11181,LID-11181,DID-11181,2024-04,2024,4,2
OID-11182,5024,379,2,Office Supplies,Paper,UPI,2022-12-03,Illinois,Peoria,2022-12,Andrew Barry,CID-11182,PID-11182,LID-11182,DID-11182,2022-12,2022,12,4
OID-11183,8962,2444,18,Electronics,Electronic Games,Debit Card,2021-07-12,Ohio,Cleveland,2021-07,Carlos Wheeler,CID-11183,PID-11183,LID-11183,DID-11183,2021-07,2021,7,3
OID-11184,8962,2444,18,Electronics,Electronic Games,Debit Card,2020-03-22,Illinois,Peoria,2020-03,Isabella Roach,CID-11184,PID-11184,LID-11184,DID-11184,2020-03,2020,3,1
OID-11185,1961,59,12,Office Supplies,Binders,UPI,2020-08-09,Florida,Orlando,2020-08,Samantha Williams,CID-11185,PID-11185,LID-11185,DID-11185,2020-08,2020,8,3
OID-11186,526,83,4,Furniture,Sofas,Credit Card,2022-02-18,Illinois,Chicago,2022-02,Samuel Little MD,CID-11186,PID-11186,LID-11186,DID-11186,2022-02,2022,2,1
OID-11187,6093,3042,9,Furniture,Bookcases,Debit Card,2021-06-14,California,San Francisco,2021-06,Paul Taylor,CID-11187,PID-11187,LID-11187,DID-11187,2021-06,2021,6,2
OID-11188,6093,3042,9,Furniture,Bookcases,Debit Card,2021-03-01,California,San Diego,2021-03,Susan Baker,CID-11188,PID-11188,LID-11188,DID-11188,2021-03,2021,3,1
OID-11189,7699,246,5,Electronics,Electronic Games,Debit Card,2023-09-23,Texas,Austin,2023-09,Mark Fry,CID-11189,PID-11189,LID-11189,DID-11189,2023-09,2023,9,3
OID-11190,8825,3594,15,Furniture,Tables,Debit Card,2024-07-31,New York,New York City,2024-07,Megan Mclean,CID-11190,PID-11190,LID-11190,DID-11190,2024-07,2024,7,3
OID-11191,2082,642,8,Electronics,Phones,EMI,2020-06-02,New York,Rochester,2020-06,Caitlin Hunt,CID-11191,PID-11191,LID-11191,DID-11191,2020-06,2020,6,2
OID-11192,2082,642,8,Electronics,Phones,EMI,2022-12-15,Texas,Austin,2022-12,Jenna Holland,CID-11192,PID-11192,LID-11192,DID-11192,2022-12,2022,12,4
OID-11193,2082,642,8,Electronics,Phones,EMI,2020-08-07,New York,Buffalo,2020-08,Stephanie Oconnell,CID-11193,PID-11193,LID-11193,DID-11193,2020-08,2020,8,3
OID-11194,914,163,13,Office Supplies,Markers,UPI,2024-10-26,Illinois,Chicago,2024-10,Andrea Hill,CID-11194,PID-11194,LID-11194,DID-11194,2024-10,2024,10,4
